data,label
"[0.15705475 0.5607275  0.7083367  0.1608991  0.5723178  0.88451856
 0.1335138  0.54846454 0.7045187  0.18049802 0.55226064 0.84168285
 0.12798439 0.49169692 0.80131847 0.25159445 0.55998695 0.8942512
 0.1637755  0.39130607 0.61991185 0.3646007  0.58907485 0.6584387
 0.1351101  0.24775115 0.90385646 0.258865   0.6133768  0.70255184
 0.04552647 0.3620678  0.8907815  0.38863343 0.5228562  0.8527831
 0.38334632 0.38954526 0.8879291  0.60455966 0.5630268  0.6799493
 0.61239284 0.36854762 0.80756503 0.8839999  0.63023806 0.85932213
 0.8940279  0.31263083 0.89561814]",processed
"[0.09433973 0.59645027 0.74025095 0.09666431 0.6075173  0.7711564
 0.07274952 0.57959116 0.6834703  0.12246421 0.5898753  0.74212897
 0.07639743 0.5141074  0.64372236 0.20792428 0.593994   0.7943685
 0.11111097 0.41506812 0.8561019  0.33059642 0.6233114  0.47203797
 0.07340789 0.26051906 0.89574796 0.20152657 0.645262   0.58571994
 0.01468653 0.39952722 0.18753597 0.3586632  0.5593775  0.87328494
 0.349192   0.40667504 0.71825755 0.5893855  0.5973463  0.82154727
 0.5984746  0.379816   0.7197125  0.8868961  0.6647017  0.80714244
 0.9026505  0.3266092  0.87771755]",processed
"[0.19732137 0.44708833 0.83471364 0.19102465 0.4621727  0.740517
 0.19101122 0.42903388 0.81695104 0.21819353 0.48603767 0.6630983
 0.21959475 0.4079672  0.7024423  0.27876627 0.5297674  0.79674
 0.2841419  0.36903018 0.85973215 0.3236743  0.6527106  0.937084
 0.3239323  0.2623784  0.71811223 0.22557676 0.6351243  0.55930525
 0.2373866  0.27396098 0.7378096  0.4444861  0.5232671  0.8547722
 0.45691964 0.40668488 0.8090099  0.63891923 0.56292677 0.58604586
 0.6635132  0.39214945 0.57850474 0.7891367  0.59681046 0.6113228
 0.8019067  0.39165235 0.40176862]",processed
"[0.17569217 0.5241989  0.43243858 0.1622642  0.50917274 0.6001207
 0.16193491 0.53879637 0.5595933  0.18728459 0.47909343 0.55729353
 0.1827716  0.564668   0.5822694  0.26247412 0.39777747 0.62257177
 0.25752395 0.6634     0.746992   0.38133273 0.351384   0.6269621
 0.37715057 0.6736507  0.59916043 0.48274058 0.34641662 0.756974
 0.4743393  0.65722424 0.6978185  0.49244666 0.4357213  0.7244334
 0.49827155 0.58311415 0.8614765  0.6121663  0.43163887 0.72746277
 0.6185803  0.59102535 0.607255   0.74218386 0.43480748 0.6729795
 0.74380803 0.59554255 0.77604985]",processed
"[0.19680923 0.52685374 0.3257622  0.1801976  0.51419675 0.5553366
 0.18013111 0.54187995 0.52074176 0.19854891 0.48918515 0.55466485
 0.19483213 0.57044977 0.44077185 0.27451396 0.4035566  0.8107594
 0.268506   0.66990083 0.5516918  0.39062014 0.36970395 0.4788202
 0.38408646 0.68478745 0.60348475 0.4829604  0.36337826 0.7971712
 0.47737134 0.66441196 0.6900885  0.49778542 0.44806015 0.78552705
 0.49978307 0.5892471  0.82046235 0.6250567  0.447515   0.5495272
 0.623003   0.5992585  0.762633   0.7392569  0.44570708 0.59871596
 0.7454159  0.60651475 0.811477  ]",processed
"[0.21472937 0.46251956 0.579582   0.19727394 0.46168715 0.6870672
 0.19635749 0.47675404 0.6688614  0.2060786  0.47720677 0.6859536
 0.20399159 0.5325094  0.51850516 0.28468892 0.4044735  0.79078615
 0.2824097  0.64753485 0.622715   0.41686147 0.36833218 0.5198643
 0.3993123  0.6627323  0.46533936 0.5010977  0.35728544 0.771711
 0.48303384 0.63714623 0.44774494 0.50960976 0.44634277 0.6814757
 0.5076769  0.57708687 0.79990107 0.62666637 0.45370084 0.647955
 0.6282758  0.59874034 0.7101391  0.7552108  0.4598987  0.8036853
 0.7375464  0.606818   0.62561715]",processed
"[0.21264566 0.44581777 0.5498383  0.19044079 0.4410479  0.67297024
 0.18895783 0.45832476 0.57577133 0.20108658 0.45412827 0.6475017
 0.19641428 0.51932913 0.6175727  0.288025   0.3798338  0.83548725
 0.28252742 0.6440929  0.80614    0.4312727  0.33588913 0.48820144
 0.4035472  0.649695   0.65442556 0.51548266 0.33886266 0.7229084
 0.49522343 0.62529224 0.45446205 0.52148813 0.42658308 0.77941406
 0.51571727 0.5648599  0.7707959  0.64571965 0.43382078 0.66136324
 0.64405084 0.5845943  0.7307984  0.7817304  0.43665755 0.8033867
 0.7648063  0.5946286  0.74333227]",processed
"[0.22127625 0.34227002 0.44046512 0.19715557 0.33867744 0.7119155
 0.19506763 0.3496399  0.6891863  0.19741364 0.36026555 0.6930729
 0.19153978 0.41707486 0.40179086 0.2898433  0.30919483 0.6343433
 0.28735068 0.55017745 0.7694372  0.43941414 0.27274534 0.7800631
 0.41861498 0.5212682  0.43417287 0.5336249  0.23652102 0.7193172
 0.46279594 0.46919084 0.18958871 0.54126227 0.34939194 0.70106477
 0.53590834 0.48517507 0.77782506 0.68782175 0.36741978 0.42976353
 0.6467336  0.50072557 0.5592556  0.8036782  0.38094956 0.5541032
 0.7763474  0.51304287 0.8304698 ]",processed
"[0.19589347 0.32884312 0.5177102  0.17282432 0.32618308 0.5345249
 0.16944197 0.34160906 0.511734   0.1745339  0.3452142  0.71961135
 0.16724227 0.40437382 0.53864723 0.26736104 0.2938774  0.8237101
 0.26444143 0.5402418  0.70461994 0.4163711  0.2558229  0.7813647
 0.395091   0.5268543  0.33771148 0.52275765 0.21533036 0.7670684
 0.44364443 0.45824367 0.18010475 0.5294233  0.3359124  0.7063932
 0.52264273 0.47661504 0.80712706 0.6861538  0.3593506  0.58267826
 0.6447059  0.49699473 0.66500777 0.8141637  0.36745152 0.78798985
 0.7803615  0.50358975 0.8309036 ]",processed
"[0.23113666 0.40347442 0.3353757  0.22255509 0.39009744 0.2819858
 0.22288342 0.39994177 0.4616144  0.22850361 0.3618512  0.49161503
 0.22798926 0.38391048 0.35395822 0.27324286 0.32096502 0.6060922
 0.2781173  0.41955832 0.5502057  0.33738244 0.29312447 0.48272726
 0.3477513  0.44402832 0.4698306  0.39171523 0.30050683 0.3038954
 0.39002046 0.43930337 0.3954954  0.38773522 0.33370686 0.4762196
 0.39515194 0.39503822 0.49150467 0.4825118  0.32272273 0.55483663
 0.48317647 0.38400212 0.5171025  0.5710079  0.31708992 0.42385986
 0.5777094  0.37404218 0.32879692]",processed
"[0.24191968 0.38123247 0.34737325 0.22992013 0.37238842 0.26803848
 0.2327227  0.39137322 0.31449485 0.23518321 0.35591215 0.43783662
 0.2354961  0.39768076 0.52154726 0.27692395 0.32087168 0.6772945
 0.27893874 0.41794804 0.44708458 0.34187335 0.29428548 0.41467485
 0.34927687 0.44301182 0.5085774  0.37992913 0.30624038 0.4209113
 0.38706157 0.43389013 0.44017226 0.39164257 0.3319047  0.49596027
 0.39679924 0.39502695 0.54506415 0.48256838 0.3228246  0.47601217
 0.48127264 0.38116968 0.5580851  0.56494695 0.31726712 0.57672334
 0.5693753  0.37666878 0.557269  ]",processed
"[0.22785886 0.39101696 0.24263409 0.2185361  0.3810962  0.29426268
 0.22121254 0.39308557 0.46465325 0.22381097 0.35592574 0.6309017
 0.22586003 0.38963237 0.5129768  0.26907766 0.31688574 0.57074124
 0.27432206 0.41680235 0.62560743 0.33476594 0.29230452 0.49689612
 0.3467759  0.43991697 0.45777684 0.3905368  0.2957668  0.31516892
 0.38498405 0.43237033 0.42975268 0.38590285 0.32892054 0.537093
 0.39098713 0.39324638 0.41159064 0.48324475 0.32108122 0.5274525
 0.48407146 0.38239986 0.5983432  0.57513463 0.31450483 0.3275365
 0.5784868  0.3759784  0.31268832]",processed
"[0.22465801 0.36603016 0.3386375  0.21283554 0.35686645 0.2550827
 0.2164365  0.37827736 0.3109818  0.21928993 0.34413463 0.5182527
 0.2220924  0.39093205 0.5176212  0.26025036 0.3120898  0.57211125
 0.26677802 0.40956464 0.6222095  0.32699972 0.27929577 0.3560081
 0.34222436 0.43744525 0.49627578 0.36556756 0.29200405 0.37750816
 0.3763157  0.4247254  0.44077265 0.38523665 0.32281497 0.6171008
 0.3887521  0.3859526  0.579345   0.4774527  0.31163073 0.4094003
 0.48309302 0.37279513 0.50359714 0.5676886  0.30092108 0.5361391
 0.57051545 0.36312762 0.52162606]",processed
"[0.2087769  0.4530683  0.6647903  0.200931   0.46848002 0.7599311
 0.20155898 0.43568057 0.5485198  0.22751844 0.49279642 0.84181875
 0.22982454 0.4176505  0.8382116  0.2858131  0.53707325 0.8861211
 0.2938402  0.38008392 0.890511   0.32920483 0.65190166 0.89574224
 0.33182207 0.2699918  0.8320985  0.23302579 0.63706875 0.75486195
 0.24677174 0.28397232 0.6799097  0.44426206 0.52927715 0.8240892
 0.45332816 0.41590583 0.67526305 0.61695236 0.5642819  0.7021574
 0.6368973  0.40606165 0.4919416  0.776386   0.60052764 0.6715716
 0.7750404  0.3959107  0.33952385]",processed
"[0.29731542 0.47186854 0.2883854  0.28720942 0.46592864 0.35277766
 0.28784388 0.48376843 0.36911285 0.27985287 0.43607762 0.52406424
 0.2853871  0.47436437 0.50355405 0.31743604 0.37525368 0.34173304
 0.31662393 0.48565692 0.62454444 0.3583428  0.35695398 0.30296427
 0.3224474  0.57926005 0.43932477 0.37151182 0.4158222  0.09099452
 0.3151985  0.6798574  0.7087291  0.45958847 0.3577848  0.6131127
 0.46700463 0.44645363 0.6798385  0.5550993  0.348789   0.585836
 0.56796384 0.46665692 0.5560238  0.6702365  0.3484813  0.66677606
 0.6605307  0.54710025 0.57797194]",processed
"[0.30877683 0.4702459  0.24958381 0.2954145  0.4680261  0.21305369
 0.29861417 0.48526728 0.21387622 0.28884295 0.4538284  0.5182542
 0.29969501 0.49011433 0.48616108 0.32410073 0.38840985 0.40166092
 0.33077443 0.4996737  0.6081607  0.35895425 0.36486763 0.3243384
 0.3424918  0.58616513 0.35639787 0.38686997 0.4597652  0.09470314
 0.33469898 0.6814432  0.5895594  0.4682876  0.3766062  0.6091825
 0.4723052  0.45458746 0.5041809  0.5614401  0.36303046 0.5305589
 0.57033056 0.48233193 0.53361595 0.67676485 0.36468744 0.5600193
 0.6620343  0.55852276 0.4956596 ]",processed
"[0.30672798 0.47769    0.20866112 0.29341933 0.4727666  0.22319786
 0.29817426 0.49225208 0.20719668 0.28408274 0.44573328 0.46834403
 0.29618433 0.48844764 0.50676465 0.31513393 0.38286322 0.5234985
 0.32705024 0.4967531  0.53487617 0.34416524 0.36519095 0.28160763
 0.33924672 0.5839084  0.27614847 0.36591208 0.41965675 0.06494193
 0.33377036 0.6813947  0.5980517  0.46390945 0.37765867 0.58708835
 0.46400976 0.45837396 0.63925064 0.5553983  0.3661774  0.5878862
 0.56935424 0.48485652 0.5859221  0.6724628  0.3637062  0.56219316
 0.6608426  0.55819637 0.4749473 ]",processed
"[0.30253053 0.48790997 0.20597331 0.28929523 0.48000553 0.26260483
 0.29393288 0.4989278  0.271392   0.28221753 0.4512047  0.4117099
 0.29237345 0.4936338  0.5439599  0.30935612 0.38809535 0.5156847
 0.3210612  0.50250864 0.5318824  0.33746755 0.3725248  0.30044955
 0.33908066 0.58386713 0.33789256 0.3699991  0.46659324 0.04156906
 0.33054653 0.6869289  0.5303551  0.46132243 0.37912318 0.6345966
 0.46360892 0.46059442 0.67538726 0.55727655 0.36964777 0.4389559
 0.5703773  0.4895376  0.66949975 0.67768234 0.3675637  0.6025098
 0.66261166 0.56351614 0.42287555]",processed
"[0.14694375 0.4867654  0.8053109  0.12616867 0.511773   0.46499044
 0.13094863 0.46099782 0.85960066 0.14502905 0.5540469  0.9087856
 0.15436968 0.4334072  0.8522172  0.25711548 0.6518255  0.79067725
 0.26251796 0.35113543 0.8880189  0.4284653  0.6599132  0.70522875
 0.42227325 0.32921922 0.8918476  0.5280342  0.5457576  0.7594853
 0.52541953 0.4415628  0.7688091  0.5498682  0.5870953  0.8976562
 0.550648   0.40628722 0.6934173  0.7924678  0.5558434  0.69019485
 0.79067934 0.4349066  0.7602191  0.98395133 0.5350354  0.7876131
 0.98079824 0.4522486  0.82117593]",processed
"[0.13719593 0.49656847 0.7672828  0.11712999 0.516658   0.73476464
 0.12191708 0.4724791  0.67460185 0.13207924 0.55327433 0.88466716
 0.14194417 0.4472284  0.77372    0.23860253 0.64112663 0.8392365
 0.24496445 0.37441885 0.9052066  0.39218417 0.6526436  0.84500605
 0.38674748 0.3516434  0.54464173 0.48701942 0.54314935 0.7106813
 0.4836011  0.4542543  0.71740466 0.51040775 0.5844291  0.7579298
 0.51030785 0.42442355 0.81317806 0.7195386  0.556858   0.80395025
 0.71810865 0.44655398 0.68513864 0.90976197 0.53837043 0.74430597
 0.9109238  0.46185973 0.69866806]",processed
"[0.13402219 0.49766383 0.7053762  0.11547052 0.5163475  0.64803594
 0.12087538 0.4727319  0.64425635 0.1284705  0.5533558  0.7342694
 0.14025363 0.44657108 0.6902769  0.24744356 0.6325238  0.901312
 0.2505256  0.37975326 0.7325047  0.39469725 0.64863664 0.7361882
 0.38931695 0.35219032 0.66508085 0.48949173 0.5444423  0.4870245
 0.48267347 0.46622977 0.6764554  0.5230396  0.5827501  0.77523685
 0.5251053  0.429852   0.8396167  0.7157335  0.55529743 0.7012718
 0.71823597 0.44761342 0.8038784  0.90947014 0.5368265  0.69776446
 0.9150365  0.46351442 0.53654253]",processed
"[0.12726289 0.49840027 0.5889185  0.1050522  0.51867515 0.669471
 0.11031678 0.4743133  0.55661935 0.11821309 0.5569858  0.7851124
 0.13045558 0.44704118 0.7448566  0.23785429 0.64037246 0.7636077
 0.24541457 0.38120705 0.84199846 0.38970676 0.6547015  0.63394994
 0.38456228 0.35342625 0.8220517  0.48677772 0.5444993  0.6064598
 0.48107302 0.47042394 0.6175533  0.52406096 0.58433914 0.66822433
 0.5259151  0.43246275 0.7397215  0.7244313  0.5582842  0.65105176
 0.7236165  0.448645   0.6835738  0.91575426 0.5381616  0.64385045
 0.91868037 0.46213228 0.59631646]",processed
"[0.15384597 0.42099816 0.5224786  0.13373786 0.43431297 0.84560084
 0.14298423 0.4088366  0.7608636  0.12955831 0.477238   0.915269
 0.15084377 0.4159331  0.82622427 0.2099381  0.5365033  0.8021848
 0.25150463 0.42432445 0.818742   0.3266557  0.60844857 0.8918734
 0.353315   0.4096535  0.54317176 0.42824584 0.67528635 0.86941147
 0.42501265 0.37583256 0.82734203 0.4537407  0.5502271  0.86748517
 0.4662417  0.48279336 0.7398915  0.61010504 0.47327843 0.8944036
 0.6164442  0.52776355 0.7068305  0.7998056  0.42548132 0.85648155
 0.751376   0.6150556  0.74155974]",processed
"[0.14621948 0.43633434 0.7712584  0.12750933 0.4488115  0.6831868
 0.13822868 0.42252758 0.7453395  0.12613693 0.48944485 0.74387735
 0.14724183 0.4286968  0.8092571  0.19691442 0.54542065 0.747731
 0.24367437 0.43614408 0.8778351  0.3044107  0.62024975 0.7607069
 0.34453195 0.42307898 0.48030174 0.40662596 0.675227   0.8426655
 0.40488893 0.39252302 0.73964906 0.43423638 0.56010634 0.81119096
 0.44690895 0.49255753 0.7885745  0.58557004 0.4844589  0.8090235
 0.5848047  0.5347295  0.75291634 0.7616818  0.4357704  0.7930589
 0.71120465 0.6177121  0.85838735]",processed
"[0.11515967 0.5918857  0.49119762 0.0913088  0.6450955  0.671988
 0.08990244 0.5489114  0.47594452 0.11029585 0.7080837  0.45241052
 0.11810354 0.47524762 0.5364983  0.2147023  0.74020267 0.21949586
 0.21568906 0.39115214 0.48649165 0.27567858 0.77488655 0.17532715
 0.3575433  0.18738905 0.518778   0.26140058 0.77226937 0.13514283
 0.5054143  0.17819144 0.79593456 0.4844756  0.6835062  0.18131864
 0.4900346  0.39435828 0.5116873  0.6516838  0.72501415 0.28525808
 0.7046601  0.4061298  0.41760054 0.8706687  0.70388514 0.69994223
 0.8727841  0.4583961  0.7990336 ]",processed
"[0.14588994 0.43590203 0.8221573  0.12747298 0.4469323  0.70469034
 0.13819806 0.42183658 0.75405073 0.12397003 0.49042836 0.7874793
 0.14650562 0.43158484 0.8299488  0.19774753 0.54436594 0.7431391
 0.24191184 0.4377812  0.8655705  0.3066683  0.61896116 0.77437186
 0.34616718 0.4230083  0.48431996 0.40558445 0.6752458  0.8449396
 0.40714505 0.39261234 0.6972292  0.43629873 0.55774677 0.8324861
 0.4484076  0.49270213 0.79013276 0.58527184 0.48591232 0.83676606
 0.5844855  0.5333801  0.78913414 0.76237243 0.43706375 0.8082963
 0.7141439  0.6177232  0.8819536 ]",processed
"[0.13584611 0.4271536  0.78907543 0.11636763 0.4381147  0.7024145
 0.12592047 0.41230038 0.7008429  0.11416559 0.47899115 0.88166136
 0.13355662 0.41768506 0.7823663  0.19037162 0.5399817  0.91502666
 0.23468947 0.426963   0.7700025  0.30129653 0.61689174 0.7143053
 0.33496222 0.41074598 0.6830083  0.40426144 0.6733902  0.8719262
 0.39713627 0.38081875 0.8333185  0.43113476 0.5529514  0.8763381
 0.44387355 0.4852446  0.7976189  0.5963932  0.47366095 0.84848845
 0.5925125  0.5285857  0.8097243  0.7719418  0.42236197 0.86031586
 0.72120976 0.6108358  0.6077444 ]",processed
"[0.12547839 0.49032772 0.79561776 0.1025711  0.5142756  0.79690456
 0.10961464 0.45982063 0.70146596 0.11093621 0.5563177  0.8853696
 0.12445126 0.42299524 0.82543534 0.2234339  0.6709658  0.66363925
 0.22672462 0.33226463 0.8229438  0.35404614 0.7357865  0.9328263
 0.3355308  0.26973742 0.7829662  0.45922753 0.773128   0.896812
 0.44950828 0.25121215 0.8179309  0.4747295  0.5991601  0.806442
 0.4759027  0.41155356 0.7914806  0.663692   0.61337745 0.67613745
 0.6623323  0.392939   0.80345553 0.835889   0.6228194  0.8521647
 0.8474438  0.37529996 0.87143767]",processed
"[0.12324101 0.49478614 0.69063854 0.1008839  0.5185929  0.86910623
 0.10688142 0.4629196  0.81003374 0.11005236 0.55905956 0.7506219
 0.12310734 0.42261308 0.84365064 0.22286409 0.6771985  0.8884755
 0.22331105 0.3316046  0.7938753  0.35274002 0.73805904 0.8093129
 0.33226675 0.27006993 0.7166197  0.4577397  0.77386063 0.8995484
 0.44743758 0.2515045  0.78828645 0.47203848 0.60150856 0.82437265
 0.47266465 0.41189483 0.7851372  0.663182   0.614974   0.81375086
 0.6609009  0.391472   0.884423   0.8340875  0.6241274  0.86052686
 0.84756905 0.3759266  0.8864021 ]",processed
"[0.12855789 0.49098673 0.67461675 0.1060658  0.5145298  0.57460356
 0.1113472  0.46250865 0.5445363  0.11017553 0.5553112  0.6600929
 0.1240194  0.4227125  0.59253764 0.23165283 0.65595096 0.7268994
 0.2404386  0.3517018  0.4859837  0.34471917 0.7305858  0.7081837
 0.33296537 0.27417094 0.45442793 0.445968   0.76822865 0.77710325
 0.44778663 0.25083345 0.4506698  0.47858098 0.59650505 0.6900842
 0.47713807 0.4121264  0.65016145 0.6616116  0.6142879  0.7887979
 0.6653933  0.39347485 0.6928208  0.8420485  0.62533134 0.62535894
 0.85193056 0.3737844  0.63523847]",processed
"[0.12308048 0.48732665 0.6422765  0.10070422 0.51336074 0.5779085
 0.10435201 0.46042758 0.70224595 0.10771059 0.55287516 0.6589289
 0.11658752 0.41864038 0.56709844 0.22460514 0.6513939  0.7434187
 0.23325379 0.34055093 0.785282   0.3392888  0.72930425 0.6849232
 0.33115262 0.2686731  0.49828577 0.44568178 0.76993465 0.7977591
 0.44722104 0.2450033  0.76565945 0.47205585 0.5943629  0.8287209
 0.47139466 0.4051504  0.8134631  0.6613915  0.613933   0.83295864
 0.66459394 0.38750583 0.78982526 0.8441779  0.62430906 0.73101914
 0.8564732  0.37160364 0.83844346]",processed
"[0.1786523  0.5166483  0.50259155 0.15192442 0.5363439  0.6305034
 0.15470597 0.49512413 0.45788044 0.15531202 0.56185323 0.64136475
 0.1609586  0.4529054  0.6195815  0.24632391 0.64135814 0.75331116
 0.25074738 0.38717794 0.868396   0.36878973 0.69206643 0.53007805
 0.37054873 0.33704317 0.7345057  0.47474226 0.68021935 0.8488609
 0.45855647 0.34808108 0.76739067 0.49513358 0.59040266 0.8898403
 0.49703318 0.44298208 0.69962376 0.62771344 0.60985833 0.8324032
 0.62268335 0.45483315 0.82022244 0.74780315 0.59283817 0.8539575
 0.7384404  0.47300744 0.68282914]",processed
"[0.17782883 0.515774   0.49081793 0.1506325  0.5359138  0.6245602
 0.152585   0.49289176 0.6196927  0.15466511 0.56170374 0.60845375
 0.16034323 0.45316222 0.60314023 0.24864145 0.6444483  0.74859047
 0.2519294  0.38622984 0.84534305 0.37262282 0.6929795  0.6438335
 0.36962628 0.33402053 0.70243865 0.48040724 0.68204546 0.80381167
 0.46453676 0.3469928  0.7331533  0.49758458 0.5914423  0.8590872
 0.4999129  0.44129905 0.860989   0.63225895 0.6105655  0.8918342
 0.62892145 0.45567206 0.72675973 0.7560815  0.59356827 0.87738246
 0.74989045 0.4724418  0.81438655]",processed
"[0.1751961  0.5033291  0.6502803  0.15339114 0.5289538  0.54717195
 0.15368783 0.47869262 0.6472662  0.16677299 0.5643863  0.64251274
 0.16528668 0.4394291  0.5869623  0.29616255 0.62319666 0.793554
 0.29309928 0.36669305 0.61224425 0.4297693  0.6622658  0.8393702
 0.42935032 0.32622117 0.8172161  0.55148584 0.69035965 0.622101
 0.55354065 0.28985244 0.73004377 0.573515   0.5677234  0.80711794
 0.5719003  0.41361448 0.59829885 0.7362628  0.5785841  0.7635947
 0.7397674  0.39092058 0.6350004  0.85978276 0.5775757  0.5641331
 0.85180515 0.38003778 0.6883895 ]",processed
"[0.17473343 0.50351447 0.7581268  0.14973861 0.5309445  0.7638518
 0.15033382 0.47902313 0.8453816  0.1671274  0.56453264 0.8442683
 0.16384748 0.4370788  0.7105176  0.2860928  0.62698394 0.91475207
 0.2840213  0.3593983  0.8739636  0.4324207  0.663631   0.71989673
 0.43033725 0.32222253 0.93031186 0.55790955 0.68830335 0.7710875
 0.5506905  0.2865152  0.88202655 0.56637776 0.5702539  0.8628557
 0.565543   0.4126243  0.68834686 0.73847204 0.5794104  0.859975
 0.7444895  0.38990593 0.81086653 0.85709023 0.5771685  0.8406239
 0.85261184 0.37977967 0.86250305]",processed
"[0.12604518 0.6098376  0.43327937 0.09799511 0.66081226 0.41309476
 0.09801741 0.5586071  0.54075485 0.11323168 0.7300862  0.41521215
 0.12068831 0.48068047 0.5272664  0.2403974  0.76776385 0.3200726
 0.22460967 0.36854458 0.54837227 0.2863469  0.7980033  0.2432654
 0.38218263 0.17418972 0.609695   0.28323486 0.791293   0.10525925
 0.5371841  0.16686045 0.85530216 0.4875456  0.71018714 0.29025432
 0.476052   0.40133062 0.44360337 0.6837487  0.7507255  0.38849097
 0.73610294 0.41639188 0.3876018  0.92103136 0.7298275  0.68922204
 0.92758465 0.46566117 0.62573963]",processed
"[0.09492727 0.5377832  0.7662279  0.06758692 0.5690178  0.94242316
 0.06791487 0.5097856  0.9074317  0.08705022 0.60654414 0.8150094
 0.08445594 0.46850544 0.7315387  0.22163735 0.6803238  0.9435408
 0.21808973 0.37855592 0.80069834 0.387199   0.71711946 0.8836797
 0.3817919  0.33475816 0.96765834 0.52465445 0.7452352  0.9369796
 0.5165301  0.29844826 0.91896474 0.51927906 0.6122437  0.91095823
 0.5176068  0.43805683 0.8824876  0.72629255 0.6287974  0.87277603
 0.725091   0.4095794  0.8807124  0.8514273  0.62129533 0.89946055
 0.84777737 0.40498832 0.8548826 ]",processed
"[0.16317439 0.49069852 0.77526766 0.141437   0.51648736 0.45812473
 0.1398328  0.46407282 0.4578983  0.15515612 0.5539039  0.57701045
 0.15322994 0.42394328 0.4946305  0.2894392  0.60964686 0.7869842
 0.28537434 0.35014483 0.80314434 0.42709842 0.65637106 0.5058783
 0.42951888 0.30449113 0.86590356 0.5541634  0.6827635  0.6811591
 0.55387944 0.26914918 0.7921305  0.57445884 0.55393034 0.78821325
 0.57478213 0.39598763 0.79286796 0.74236184 0.5691313  0.8546165
 0.7450518  0.37521902 0.7320908  0.8702489  0.5685561  0.8375414
 0.86223507 0.36496904 0.8256012 ]",processed
"[0.08119705 0.44412968 0.30886593 0.06640271 0.45178893 0.29045394
 0.07021198 0.45545164 0.20808081 0.0806178  0.49790424 0.29007605
 0.0871352  0.5522989  0.30104116 0.21229462 0.6866258  0.43690825
 0.21777041 0.36423564 0.28285497 0.39303696 0.7717219  0.43082297
 0.39097822 0.25926983 0.2743947  0.50054646 0.72822016 0.55756265
 0.48537582 0.29794294 0.40234002 0.5366386  0.62140036 0.45206735
 0.51838684 0.42857414 0.44491786 0.7044736  0.6333039  0.3963198
 0.7197034  0.40301162 0.40270832 0.9284654  0.61594105 0.7606765
 0.939084   0.41135353 0.7565457 ]",processed
"[0.12055849 0.52658314 0.13407136 0.10094044 0.4984199  0.10054749
 0.10303235 0.5422253  0.23748109 0.10934885 0.45605096 0.37764195
 0.11179927 0.5542261  0.396558   0.2440043  0.38060862 0.289327
 0.2355083  0.6896752  0.53754354 0.40657216 0.2479756  0.18219608
 0.4141453  0.75670254 0.5661627  0.5012095  0.28862336 0.31655487
 0.51546127 0.7150319  0.45512903 0.5215939  0.53794944 0.2030543
 0.5186762  0.5240635  0.20727858 0.70534664 0.60918283 0.40918386
 0.71697617 0.387083   0.43356398 0.9288584  0.59697855 0.6726042
 0.9313839  0.40041283 0.76137286]",processed
"[0.09464499 0.4615538  0.87684304 0.08747807 0.48129824 0.8215417
 0.08720618 0.43798164 0.83408606 0.12082703 0.5069765  0.87165
 0.12276044 0.4049468  0.67669624 0.20829266 0.569249   0.8103002
 0.20283929 0.34211016 0.86834586 0.2505683  0.7103342  0.91781753
 0.24752694 0.22248602 0.63353974 0.12695687 0.65483594 0.89525723
 0.12878172 0.24458408 0.869766   0.37589377 0.5211515  0.69140095
 0.37688538 0.35744655 0.7767724  0.6299529  0.53909093 0.79071355
 0.62941974 0.34455505 0.7393203  0.83475816 0.5650542  0.70574886
 0.8401325  0.31575274 0.5610179 ]",processed
"[0.09428169 0.46296984 0.8377308  0.08670513 0.4831791  0.73769855
 0.08589473 0.43996748 0.88529474 0.11956423 0.5084674  0.9070481
 0.1210807  0.40530914 0.7544085  0.2053758  0.57168406 0.8698043
 0.20120819 0.3415114  0.8867984  0.25105664 0.71335363 0.92550296
 0.24782506 0.2219752  0.65129256 0.1250886  0.654781   0.8958851
 0.12744047 0.24473764 0.8853269  0.37335253 0.52485716 0.8094825
 0.3707447  0.35901347 0.8059707  0.6293717  0.54136866 0.8352711
 0.6204407  0.34614262 0.6491469  0.8397018  0.57015103 0.6995936
 0.84064347 0.31499085 0.6023388 ]",processed
"[0.09567078 0.46077442 0.76974577 0.08722957 0.4806599  0.5777092
 0.08790363 0.4384372  0.58969814 0.11692796 0.51088643 0.73080075
 0.11756279 0.40643224 0.5155831  0.21438974 0.56664574 0.807325
 0.20658642 0.3521886  0.51543283 0.24841152 0.7085398  0.7681305
 0.24421625 0.22734559 0.538143   0.12258354 0.6534874  0.4568051
 0.11904993 0.24432082 0.48214653 0.39022198 0.52653867 0.6766153
 0.38919386 0.36088505 0.75132805 0.6335963  0.5358299  0.75628644
 0.63446593 0.34896982 0.70055175 0.8436143  0.567564   0.5741055
 0.8508046  0.3360269  0.4892248 ]",processed
"[0.09253341 0.46335548 0.6575056  0.08123588 0.4837651  0.47956654
 0.08078955 0.43900922 0.5165064  0.11150187 0.5146221  0.5306217
 0.11051761 0.40436697 0.52672434 0.21308811 0.57040244 0.8401989
 0.20587213 0.34961423 0.7440362  0.24873704 0.71734375 0.69248945
 0.24483459 0.21739797 0.6047076  0.12081099 0.6639255  0.57024467
 0.11130934 0.2378774  0.511338   0.39600247 0.5298804  0.4928617
 0.39352578 0.35643992 0.63291055 0.64385194 0.53866756 0.7363748
 0.64846516 0.34532994 0.67544574 0.86202663 0.5691593  0.6633353
 0.8638851  0.3352986  0.46522027]",processed
"[0.18147175 0.6075751  0.5209104  0.16255255 0.6072938  0.54664856
 0.16740674 0.5847089  0.6069144  0.17160742 0.58203554 0.1035707
 0.18195103 0.5176363  0.60869247 0.27543038 0.6214077  0.8141948
 0.27801087 0.40938348 0.76236635 0.39733005 0.6467167  0.71683055
 0.40291497 0.34518144 0.7798103  0.50654924 0.68310696 0.74109846
 0.5201698  0.3201792  0.66609097 0.5145528  0.55460316 0.6227084
 0.52550024 0.42483118 0.77752346 0.670302   0.59845865 0.8025472
 0.7006549  0.39895782 0.6579649  0.8986719  0.57137483 0.8297143
 0.8490325  0.4134642  0.72393364]",processed
"[0.17998075 0.60754424 0.50401103 0.16139509 0.60710514 0.55230975
 0.16579315 0.58577716 0.68350977 0.16944157 0.57925487 0.11420926
 0.18056892 0.518725   0.65744716 0.27320215 0.6196769  0.8260482
 0.27595463 0.4116052  0.809237   0.39400157 0.6444894  0.7117839
 0.39804202 0.34706894 0.78574646 0.50490224 0.68158174 0.74242616
 0.5154942  0.3200718  0.5794889  0.51064014 0.5550692  0.5285638
 0.5232996  0.42533845 0.78363514 0.6643957  0.5953736  0.8277047
 0.7027581  0.4001484  0.65144444 0.8942562  0.5717435  0.8489952
 0.8546341  0.41049695 0.6479748 ]",processed
"[0.15747821 0.5654893  0.752842   0.16117704 0.57593465 0.78608704
 0.13675947 0.5501106  0.6602957  0.18038191 0.5567747  0.8126413
 0.13399735 0.49426013 0.79553026 0.2532169  0.5646292  0.84362876
 0.16507667 0.39457375 0.75637084 0.35378549 0.58303374 0.36065188
 0.13761292 0.2504881  0.8807378  0.23537359 0.59074783 0.42387465
 0.04646333 0.36290205 0.87316436 0.3906216  0.52948076 0.8667496
 0.3800693  0.39355138 0.7182037  0.6135404  0.56613505 0.9082029
 0.62169224 0.36896053 0.7998329  0.88053924 0.6316301  0.87556
 0.89653975 0.31469077 0.87234366]",processed
"[0.14179677 0.505131   0.7446877  0.12942435 0.5197324  0.7421858
 0.130492   0.48980248 0.73700875 0.14976546 0.5399909  0.84909064
 0.1556113  0.46850312 0.7065376  0.22334653 0.5860764  0.9159612
 0.23065448 0.43254805 0.94781876 0.26968274 0.6940856  0.9114593
 0.29083654 0.3346629  0.8747201  0.17803182 0.7494281  0.9027021
 0.19036445 0.3534833  0.8751101  0.3705664  0.5532796  0.8733705
 0.36428112 0.4471107  0.7706555  0.5844187  0.57461864 0.80071247
 0.58025694 0.4123447  0.7402191  0.7902236  0.578982   0.7456316
 0.7988432  0.3533911  0.8650418 ]",processed
"[0.14323503 0.507388   0.77702093 0.1323687  0.5226706  0.81802773
 0.13277113 0.4928589  0.79778767 0.1545698  0.54606324 0.7336232
 0.15621392 0.46966776 0.7457252  0.22708893 0.5927     0.912607
 0.23131776 0.4305624  0.9479599  0.2769826  0.69715995 0.7761328
 0.29236212 0.33307976 0.87854666 0.17899655 0.7517019  0.8754236
 0.19480465 0.35188138 0.9155136  0.37246716 0.56169105 0.8698174
 0.36865082 0.44915736 0.789224   0.58969575 0.5772813  0.9207173
 0.59193176 0.40911704 0.9379198  0.7944761  0.57949835 0.88692015
 0.7911372  0.35671544 0.872115  ]",processed
"[0.14493224 0.50598174 0.77872336 0.13402343 0.5206759  0.8275277
 0.13439931 0.49167907 0.7581498  0.15456304 0.54407084 0.7556898
 0.15698616 0.4691696  0.7410805  0.22629341 0.5892084  0.9228131
 0.23055857 0.43116158 0.93936235 0.27133718 0.6950611  0.91998327
 0.2910252  0.33317438 0.87959427 0.18031073 0.7503844  0.92286193
 0.19424652 0.35241017 0.9017781  0.3689907  0.5582941  0.8602437
 0.36485755 0.44918916 0.7802902  0.58449215 0.5743636  0.74158907
 0.58523345 0.41136634 0.65397936 0.7873102  0.5776994  0.7362874
 0.79439306 0.3547337  0.7703139 ]",processed
"[0.14327975 0.5160127  0.6614727  0.13075265 0.5313559  0.6649089
 0.13522904 0.49934226 0.5495817  0.15199812 0.5522581  0.67604494
 0.15828453 0.47627273 0.84532624 0.23259664 0.6004173  0.91453147
 0.2383449  0.43423975 0.8771633  0.2785418  0.7108079  0.8970382
 0.30051532 0.3360653  0.8896255  0.18111071 0.7737975  0.8874664
 0.19739275 0.35280347 0.9300114  0.3924663  0.5693173  0.8845046
 0.38665578 0.45009744 0.8069797  0.607987   0.58566564 0.8930096
 0.6052151  0.419697   0.82004017 0.8269545  0.5917198  0.92630154
 0.8327501  0.3547258  0.89328873]",processed
"[0.10649341 0.34426183 0.4455638  0.08555357 0.36314473 0.7798568
 0.09149119 0.32093447 0.67533904 0.09416839 0.39841917 0.57469434
 0.10323869 0.29293138 0.6609754  0.21578065 0.4672555  0.801236
 0.2225963  0.24825986 0.7103229  0.33997098 0.52905965 0.6597345
 0.35278472 0.21015526 0.76138574 0.37925643 0.44009972 0.58909345
 0.45401415 0.22859158 0.42924407 0.49378225 0.4187011  0.8341595
 0.49175552 0.28209263 0.7758892  0.7171224  0.4327658  0.69160676
 0.71255255 0.28655583 0.81674206 0.91196036 0.43294415 0.81042415
 0.89179265 0.31500804 0.73466504]",processed
"[0.1064494  0.34358847 0.48832014 0.08591383 0.36350492 0.8036791
 0.09010453 0.32186246 0.73544025 0.09190986 0.39711756 0.49972475
 0.09655638 0.29390687 0.56475306 0.21210487 0.46720982 0.81446236
 0.22457619 0.24453588 0.81618625 0.33887374 0.52910066 0.5779064
 0.35895535 0.21368995 0.75331146 0.38084713 0.4384846  0.5075578
 0.45757997 0.23030283 0.40935773 0.48978433 0.41556627 0.6944644
 0.48966026 0.28264928 0.7899033  0.7139063  0.43326917 0.67854077
 0.7104431  0.28606996 0.78989106 0.9100846  0.43296915 0.67740506
 0.8930762  0.30907765 0.76928693]",processed
"[0.0538816  0.34114298 0.67034024 0.03136747 0.36134106 0.4713863
 0.0361837  0.3156799  0.6324743  0.03656827 0.3975261  0.6505483
 0.04433699 0.284425   0.5014036  0.16594672 0.47143623 0.8532103
 0.18113162 0.23520306 0.7852005  0.2960367  0.5402334  0.6395394
 0.32566524 0.19822195 0.64211196 0.34271687 0.44772956 0.49205676
 0.4375152  0.21014026 0.46824217 0.4646424  0.4148894  0.6662281
 0.46518332 0.2746124  0.79844195 0.7043921  0.4343838  0.7451876
 0.69849735 0.28066927 0.56127334 0.9160622  0.43510053 0.81970906
 0.89567506 0.3053617  0.8141091 ]",processed
"[0.08949748 0.32057065 0.75471205 0.06895475 0.34042212 0.72742426
 0.0719375  0.29739574 0.55754536 0.07950168 0.3803269  0.5561008
 0.08895388 0.26964888 0.7029046  0.20804107 0.4535867  0.7315679
 0.21484354 0.21493375 0.84580517 0.33604777 0.5178696  0.8854247
 0.35213652 0.17260689 0.5894096  0.3854979  0.4204978  0.7046687
 0.47093222 0.18939501 0.56958133 0.5089967  0.4006913  0.85609317
 0.50498235 0.2526516  0.8156535  0.747452   0.41566196 0.78189594
 0.74489754 0.25975895 0.76527274 0.9609813  0.416953   0.8116409
 0.9441056  0.2885274  0.8044976 ]",processed
"[0.16125844 0.49527064 0.8228548  0.15557134 0.5062213  0.74341196
 0.15332362 0.47036457 0.86662054 0.18483892 0.51006967 0.7897258
 0.18484621 0.42466536 0.8176391  0.2777229  0.5671646  0.8784372
 0.23499802 0.38215616 0.84427035 0.30542403 0.662006   0.8097139
 0.17140768 0.25654948 0.9575318  0.20972098 0.708606   0.6582819
 0.04771928 0.2916017  0.820207   0.4664505  0.5633026  0.9018725
 0.466326   0.42219388 0.89489806 0.70220643 0.58481765 0.77887374
 0.69736487 0.3827061  0.8149754  0.90923184 0.6306609  0.9104031
 0.92352116 0.30374888 0.93064916]",processed
"[0.1830222  0.48880273 0.8190993  0.17517343 0.49611643 0.8230233
 0.17290731 0.46364105 0.82482034 0.1978268  0.49321756 0.59297764
 0.19898604 0.41879553 0.9111875  0.28930905 0.5460966  0.68975127
 0.2478834  0.37538525 0.9093529  0.3143749  0.6362152  0.9085763
 0.18790947 0.2651404  0.9418567  0.2356674  0.68054605 0.95600104
 0.07499304 0.2961559  0.8990789  0.46762624 0.5489258  0.8726532
 0.46785688 0.4188117  0.83917665 0.6837148  0.5683999  0.894967
 0.6776193  0.38193652 0.6789339  0.87390167 0.6146621  0.9145444
 0.8793232  0.309424   0.88822407]",processed
"[0.15699401 0.5618086  0.73013055 0.15952191 0.5736003  0.84946334
 0.1340122  0.5492589  0.6989892  0.17796595 0.5540649  0.8555553
 0.12892163 0.49316466 0.79981166 0.24946004 0.55926114 0.90185827
 0.16581103 0.39198694 0.68705326 0.35376054 0.58954024 0.5920772
 0.13525921 0.2510976  0.91459453 0.25868246 0.61408234 0.7215763
 0.04661605 0.36300898 0.8861593  0.385238   0.52291226 0.86738294
 0.38101813 0.39076185 0.8922895  0.6061715  0.56376725 0.70551956
 0.6140227  0.36906642 0.8068764  0.8802391  0.63110745 0.88877964
 0.8917797  0.31414112 0.9062039 ]",processed
"[0.18637536 0.48750433 0.6836926  0.1795686  0.49447116 0.87598944
 0.17622778 0.4643163  0.70634925 0.20384106 0.49469003 0.5608761
 0.20133285 0.42062983 0.65789956 0.2864453  0.550588   0.7185545
 0.25027966 0.37689966 0.92509866 0.31563574 0.6440935  0.6738218
 0.18779963 0.26671165 0.70868385 0.23056048 0.68083566 0.9307951
 0.07908635 0.29540882 0.80486995 0.4545895  0.54614335 0.8951619
 0.44980234 0.41885516 0.83335936 0.6823684  0.5667198  0.79720366
 0.6727446  0.38213807 0.7571923  0.87369573 0.6192588  0.89331645
 0.8844076  0.30662677 0.8180383 ]",processed
"[0.17062661 0.4941633  0.7274411  0.16878301 0.50650007 0.61118346
 0.16371825 0.47247088 0.7989989  0.20039675 0.5114374  0.7810949
 0.19247882 0.42914385 0.8754545  0.27739742 0.56937027 0.83645624
 0.24090593 0.3845529  0.9019636  0.30791068 0.6563006  0.7980608
 0.17860495 0.2694924  0.8418672  0.21867241 0.7026458  0.78314084
 0.05594794 0.29806083 0.8635071  0.45446473 0.5600222  0.9166991
 0.44957098 0.4277288  0.73772174 0.6855144  0.5804436  0.86877185
 0.67807883 0.39212155 0.6112515  0.88880503 0.6258171  0.8896222
 0.90389496 0.31376904 0.8591998 ]",processed
"[0.32344976 0.4085435  0.6230706  0.30656067 0.41965377 0.56643033
 0.31653947 0.39195842 0.53049284 0.3104232  0.44743472 0.4815316
 0.33384904 0.37665495 0.50324094 0.39206254 0.49722117 0.48326173
 0.410613   0.3625561  0.6924432  0.5011104  0.48703298 0.5593957
 0.5199928  0.33323163 0.51278067 0.5865511  0.46165368 0.47663087
 0.6107361  0.31114253 0.25939685 0.57341367 0.4406722  0.54369944
 0.58160925 0.36875483 0.5084525  0.7123295  0.39040643 0.38277972
 0.7225637  0.45544654 0.3768911  0.8817794  0.3841025  0.5900874
 0.8433641  0.51853377 0.42801738]",processed
"[0.31839988 0.37456936 0.4916264  0.30143827 0.38991335 0.46973327
 0.310813   0.35666218 0.39886978 0.30564678 0.42098582 0.47457
 0.330586   0.33974037 0.38898867 0.3945504  0.478326   0.6918313
 0.42232686 0.33092844 0.6954984  0.5061669  0.46295583 0.4275531
 0.5469566  0.29628175 0.4685179  0.6037984  0.42961276 0.48350248
 0.6527029  0.25568402 0.2063742  0.606434   0.4088541  0.5928642
 0.6085307  0.33805278 0.48474845 0.7522748  0.3703021  0.42950416
 0.7439418  0.406144   0.26575378 0.9214872  0.35048816 0.545033
 0.86823183 0.49694067 0.49936312]",processed
"[0.3246395  0.41010427 0.6613611  0.30624595 0.42026004 0.41109043
 0.31748673 0.3915985  0.5197561  0.3085628  0.44538677 0.4808863
 0.3324831  0.37612835 0.48853084 0.39003095 0.49001575 0.47737393
 0.404091   0.36453086 0.73967326 0.49979213 0.48688135 0.5674851
 0.4954707  0.33531514 0.41017842 0.581628   0.46009818 0.59629583
 0.5930862  0.3122631  0.39347067 0.56930244 0.43582058 0.64982504
 0.57587093 0.36856055 0.58921236 0.7018385  0.39202046 0.2835302
 0.7142338  0.44580695 0.39356363 0.8780472  0.3841357  0.6953966
 0.84056073 0.5101317  0.35404932]",processed
"[0.19630529 0.48211983 0.48783603 0.18467847 0.49855506 0.40615192
 0.18461125 0.46506828 0.37448883 0.20319822 0.5254119  0.51834464
 0.20382087 0.44555017 0.5261401  0.28535345 0.56139016 0.64993227
 0.2896168  0.4165204  0.74558693 0.32176864 0.7040807  0.62524545
 0.3038776  0.2722493  0.4521191  0.21168008 0.7139919  0.5458391
 0.19221874 0.26846442 0.5673574  0.4513117  0.5354156  0.53553754
 0.44430995 0.43539515 0.69207215 0.6315837  0.5784487  0.39294243
 0.6417186  0.40985113 0.49353653 0.8468662  0.59572273 0.5138303
 0.8760807  0.3654606  0.551295  ]",processed
"[0.19094642 0.48057547 0.588055   0.18227711 0.49871287 0.4910676
 0.18051791 0.4663693  0.5793544  0.19777143 0.5264158  0.63680995
 0.20051916 0.44663373 0.5079885  0.28382584 0.5695795  0.7592019
 0.29007593 0.41831955 0.79021484 0.3253154  0.70538324 0.67434883
 0.30181006 0.2717385  0.60160476 0.20448938 0.7098723  0.5312797
 0.19297801 0.26399007 0.6490402  0.4509095  0.53868747 0.6091443
 0.4428437  0.43805763 0.61852306 0.6350989  0.5806114  0.32488024
 0.64707655 0.40795892 0.52798766 0.8428263  0.6102686  0.44710323
 0.87414294 0.36504236 0.5769521 ]",processed
"[0.1881935  0.47881824 0.56916755 0.17606342 0.49622548 0.6445027
 0.17686075 0.46406734 0.65869004 0.19237061 0.52250516 0.67256594
 0.19467288 0.43983033 0.6211126  0.2861512  0.55890584 0.52192473
 0.2877861  0.41157553 0.4958426  0.32211697 0.7119082  0.65633637
 0.3033376  0.2548286  0.38580072 0.20449659 0.7214571  0.6097715
 0.18388474 0.24207897 0.6440735  0.4552366  0.53306425 0.61285144
 0.4497033  0.42703265 0.5841134  0.66256636 0.5814189  0.37689304
 0.66548043 0.39719218 0.38839146 0.8865344  0.59721196 0.6496154
 0.9099044  0.3523025  0.5693352 ]",processed
"[0.16287515 0.50168836 0.6101565  0.14753175 0.5206872  0.7993529
 0.14822465 0.4850803  0.5910664  0.16276087 0.5526336  0.71490353
 0.16653131 0.46767637 0.56464624 0.2621335  0.6014939  0.7724295
 0.26057804 0.4340076  0.7949585  0.30871573 0.7527013  0.59578156
 0.27571163 0.26861164 0.6328022  0.1857564  0.7681309  0.68311095
 0.15773813 0.2610681  0.63489455 0.42992026 0.56397736 0.76369756
 0.42178217 0.45532605 0.64472246 0.6444667  0.6156985  0.47551543
 0.65500134 0.42252508 0.54004854 0.87075704 0.63512707 0.49674705
 0.9139093  0.37187144 0.5524878 ]",processed
"[0.16272382 0.42067164 0.58540136 0.13825299 0.4411032  0.73501074
 0.1454153  0.39753625 0.5884467  0.14544979 0.47885418 0.7763103
 0.16298676 0.36282656 0.7821765  0.24559814 0.58809626 0.79834783
 0.25537708 0.29863343 0.7087173  0.38317072 0.63115233 0.67497146
 0.40529728 0.28172302 0.7893893  0.48812363 0.6559246  0.7722719
 0.5023918  0.25515532 0.86219645 0.5059982  0.5385035  0.8947729
 0.5132827  0.37161475 0.83334506 0.68072486 0.5671889  0.7030694
 0.67982376 0.37002984 0.44128805 0.7988486  0.56820345 0.8499492
 0.78309083 0.40917534 0.63541865]",processed
"[0.16385451 0.49339545 0.1175577  0.15117238 0.46633726 0.11258366
 0.15021272 0.5169007  0.12425207 0.16670844 0.44606984 0.6474206
 0.16809711 0.54372436 0.42426753 0.2653535  0.37419844 0.7397213
 0.25489655 0.6186006  0.73482215 0.3764618  0.33619213 0.53520626
 0.38333708 0.66102743 0.7572932  0.47427902 0.35342747 0.64547086
 0.47078353 0.6628468  0.6764545  0.47964844 0.43212438 0.7207568
 0.47734848 0.5758884  0.76827157 0.65303177 0.43674678 0.65476626
 0.6553573  0.5816959  0.6386519  0.82550913 0.44720024 0.69054997
 0.83099407 0.5799296  0.6855883 ]",processed
"[0.20629685 0.4303051  0.48806983 0.18365869 0.4540052  0.5597761
 0.19165835 0.40964085 0.44157514 0.19315784 0.48448497 0.7240995
 0.20730405 0.37666893 0.61895937 0.29108158 0.5842236  0.8220126
 0.30509332 0.32438657 0.7955178  0.41366237 0.62120974 0.6922607
 0.43822572 0.3044396  0.75817245 0.5198364  0.65441394 0.7834212
 0.52917343 0.2828433  0.66274464 0.52957225 0.5401483  0.81091136
 0.53476745 0.3911634  0.79034156 0.69790834 0.57099074 0.52015775
 0.69266707 0.38324597 0.4163047  0.80089575 0.5723172  0.75931877
 0.79345334 0.4213826  0.75276357]",processed
"[0.36753833 0.48292142 0.45245472 0.34024882 0.5133061  0.34959382
 0.34668154 0.46026933 0.48592046 0.31946018 0.55972964 0.81604326
 0.3238587  0.43115044 0.6720214  0.40141836 0.6494153  0.748944
 0.40208268 0.36590368 0.6112951  0.52570194 0.69599646 0.46214175
 0.51317495 0.3285402  0.6158044  0.61493534 0.70780045 0.75071275
 0.611805   0.30414185 0.7213257  0.6291377  0.5908506  0.7893423
 0.62873864 0.4290115  0.75846046 0.7804763  0.6059024  0.4802999
 0.7790356  0.43896967 0.5868666  0.9055272  0.60233265 0.70511776
 0.8910232  0.4708907  0.6376151 ]",processed
"[0.35495502 0.51390237 0.39527884 0.33483356 0.5452975  0.38956168
 0.3356877  0.4980247  0.54187447 0.3201653  0.59762204 0.5084151
 0.32313344 0.47953284 0.5084951  0.39361227 0.6710952  0.572202
 0.38854125 0.43360844 0.6191842  0.4896661  0.71813023 0.49685
 0.4773983  0.39016145 0.46844193 0.5773686  0.7362112  0.6899741
 0.57194114 0.36455458 0.6501115  0.59594566 0.6214453  0.6341886
 0.5907194  0.49076682 0.6537532  0.7349708  0.6395442  0.5805169
 0.7577302  0.4969687  0.32444444 0.83375984 0.6356759  0.67208284
 0.81909674 0.5153231  0.60346246]",processed
"[0.35842967 0.51261973 0.38815975 0.3394506  0.5405046  0.47507375
 0.33872542 0.4967659  0.538465   0.32613575 0.5970403  0.3959804
 0.32772008 0.4819362  0.47584176 0.40278268 0.66885877 0.78262943
 0.39746577 0.43928215 0.7009029  0.48971978 0.71552503 0.44701234
 0.48780417 0.39268693 0.53009367 0.57599425 0.7337499  0.64111495
 0.5793348  0.36877874 0.6308269  0.5988707  0.6236339  0.7185002
 0.5954524  0.4924405  0.7202617  0.73127085 0.63791764 0.58868104
 0.74349755 0.49224693 0.46153894 0.8350093  0.636536   0.7140311
 0.82154644 0.5193899  0.57177675]",processed
"[0.36118641 0.53000486 0.46820483 0.34225696 0.5546629  0.45059216
 0.34354427 0.509428   0.4983125  0.32486475 0.59719604 0.5663435
 0.3278273  0.4821452  0.57838243 0.40068728 0.67043954 0.79082257
 0.39910698 0.43339968 0.63383883 0.4996952  0.72063524 0.6067851
 0.4908261  0.39220625 0.44434136 0.5834101  0.73289365 0.63981825
 0.58120507 0.36813283 0.465354   0.60389555 0.62327725 0.6777434
 0.596007   0.49171394 0.69141304 0.7383079  0.63688153 0.43503514
 0.7394034  0.49271378 0.49229193 0.84600204 0.637863   0.6700773
 0.83116794 0.5185696  0.6490396 ]",processed
"[0.16556881 0.53505963 0.79898745 0.14601095 0.53639436 0.85525167
 0.14255331 0.51240504 0.74888384 0.15140691 0.49546298 0.48577774
 0.15240368 0.43800336 0.6753042  0.2665279  0.5695519  0.8868695
 0.25155535 0.32825285 0.90635777 0.40739155 0.5593029  0.7356
 0.38645208 0.28100705 0.75981885 0.4014294  0.5208779  0.29145044
 0.3777672  0.44000405 0.4866792  0.5256381  0.51334924 0.83837104
 0.5300176  0.36117703 0.86688685 0.752754   0.49887934 0.7381174
 0.73576707 0.32595533 0.8014325  0.92430043 0.47552392 0.6490331
 0.8993571  0.31746638 0.788247  ]",processed
"[0.19692023 0.55905485 0.81811905 0.17974804 0.55743086 0.8592182
 0.17630503 0.5369283  0.8447047  0.18596904 0.5140029  0.45536572
 0.18518369 0.46774045 0.8101266  0.29490778 0.58813494 0.888942
 0.2825232  0.36612836 0.7204599  0.42863423 0.58238906 0.6315307
 0.40270132 0.3239275  0.55074084 0.39482677 0.44349292 0.5634302
 0.39739078 0.47628647 0.69518524 0.52746916 0.53735    0.83202106
 0.5313515  0.39780748 0.87246037 0.7481843  0.52693063 0.8034359
 0.7312868  0.3634653  0.8508392  0.89925426 0.5038966  0.7065044
 0.87994725 0.3537419  0.7520017 ]",processed
"[0.20924318 0.19815415 0.03417406 0.1682712  0.2026262  0.02182622
 0.1694161  0.205932   0.01663066 0.06756377 0.25973007 0.12898298
 0.05749933 0.24788247 0.08496529 0.15740539 0.33437216 0.04333373
 0.19239873 0.3931357  0.04407386 0.08954053 0.29971433 0.3854943
 0.24752086 0.33811414 0.04723498 0.18260813 0.20809752 0.04505841
 0.08673251 0.06034307 0.19109696 0.4222543  0.54273105 0.0769482
 0.30620974 0.71488154 0.13137262 0.5900928  0.27779227 0.3069061
 0.69823974 0.70949924 0.15271288 0.8456676  0.41684088 0.01951811
 0.7984632  0.7830169  0.02518069]",processed
"[0.23743398 0.20141748 0.02317709 0.18549675 0.20340705 0.01744967
 0.18609032 0.19491892 0.01192906 0.1420489  0.28715876 0.03560948
 0.13258491 0.22332977 0.02434611 0.14546524 0.34532642 0.03084213
 0.19959965 0.34840396 0.06060891 0.28149623 0.2645785  0.06616344
 0.34758383 0.28887242 0.02447678 0.29791826 0.2044553  0.04744611
 0.34361148 0.16875963 0.03082584 0.26864207 0.69282734 0.2753656
 0.27474678 0.4990016  0.12991793 0.5840433  0.29557994 0.14711522
 0.71001726 0.7270465  0.09243508 0.8844838  0.34950256 0.04110131
 0.86536044 0.79885596 0.03790646]",processed
"[0.2522028  0.22587149 0.01707274 0.0742362  0.2546977  0.0717511
 0.05869218 0.22827007 0.06871023 0.19003373 0.30217007 0.04071848
 0.1824134  0.26909485 0.02619663 0.19213751 0.37087628 0.04633666
 0.22092643 0.35764673 0.0330545  0.08957547 0.31371874 0.3398266
 0.2741775  0.30222395 0.02564712 0.22113495 0.2561214  0.05691973
 0.08662863 0.08109672 0.17218585 0.40066242 0.579185   0.04992656
 0.42055807 0.5573154  0.03851772 0.57493013 0.2865869  0.2479824
 0.66705173 0.7117989  0.12030677 0.83319896 0.44102377 0.03146012
 0.7798514  0.7672507  0.01502413]",processed
"[0.1585764  0.4951647  0.13882208 0.1450435  0.46779275 0.19358897
 0.14031225 0.51505476 0.2094751  0.16324738 0.44698578 0.64856726
 0.1630671  0.5447248  0.5338029  0.2624949  0.37557086 0.78807527
 0.25433037 0.62173235 0.71541107 0.38110527 0.33500475 0.61544234
 0.38134283 0.6616404  0.7746229  0.48094285 0.36043534 0.68154925
 0.47268394 0.66296464 0.76664513 0.48257273 0.43645906 0.55588406
 0.48121646 0.57664156 0.5617559  0.65178996 0.43462077 0.6788866
 0.6531682  0.5825126  0.72752607 0.83370984 0.45022053 0.59445655
 0.83016735 0.58052605 0.5833534 ]",processed
"[0.26557404 0.30307552 0.01883422 0.2295333  0.3029538  0.02263894
 0.10759496 0.21934253 0.07859631 0.1773963  0.37119153 0.05096225
 0.08168404 0.3200004  0.05258053 0.16891886 0.40462554 0.05381041
 0.26418194 0.43261582 0.03508356 0.20201612 0.30461505 0.1220108
 0.41487893 0.36492342 0.01971189 0.29936543 0.24852039 0.05640795
 0.40755817 0.20477457 0.02196964 0.22164603 0.7832766  0.26097128
 0.23576026 0.84359473 0.17770937 0.872571   0.48304522 0.27565554
 0.6619654  0.72858447 0.19621558 0.8444642  0.466881   0.04628573
 0.9581767  0.8004994  0.14237306]",processed
"[0.17313206 0.54504305 0.61808753 0.16190915 0.5609859  0.654553
 0.16319205 0.52736026 0.8382108  0.17920092 0.5891347  0.90595484
 0.1843411  0.50847965 0.86258596 0.25101808 0.64429134 0.8275888
 0.2608272  0.45980844 0.91905314 0.34448823 0.6800115  0.37783742
 0.31165335 0.34457096 0.81339806 0.34552568 0.6501985  0.13526578
 0.19986664 0.31881863 0.91642684 0.4321992  0.58712876 0.91040665
 0.42787954 0.4858335  0.86359274 0.6107761  0.603208   0.8901398
 0.5973138  0.40684584 0.8830901  0.8374109  0.60460085 0.78087115
 0.8148641  0.37478274 0.7726034 ]",processed
"[0.17077178 0.53955466 0.7275246  0.16113599 0.5563797  0.79798424
 0.16313703 0.5233925  0.85857975 0.18090747 0.58339    0.9263471
 0.1862686  0.5056789  0.82196474 0.25545117 0.63349867 0.75745463
 0.25842106 0.45863396 0.9191356  0.33656842 0.6567359  0.2793048
 0.3068287  0.34448895 0.84844506 0.3363105  0.60764486 0.28059816
 0.19774845 0.3201499  0.91963106 0.42128846 0.5780225  0.8815641
 0.41541585 0.4823455  0.8169402  0.59770656 0.5947201  0.910991
 0.5868884  0.40650278 0.90752316 0.81068337 0.5959293  0.8723716
 0.79323703 0.37417766 0.81175315]",processed
"[0.17929196 0.5460849  0.72490764 0.1664918  0.5607532  0.68209666
 0.1666627  0.5283245  0.7417609  0.18255715 0.5809802  0.84242564
 0.18455411 0.50701165 0.86029273 0.2567792  0.62730116 0.8153285
 0.2590469  0.45788303 0.86854804 0.3227698  0.6352711  0.2800159
 0.2983003  0.35110408 0.704538   0.2862585  0.56524754 0.22382371
 0.19737358 0.3224622  0.8654496  0.41653794 0.57651764 0.8719669
 0.41604677 0.4765591  0.68320125 0.5987475  0.59372085 0.8256324
 0.5850515  0.40668604 0.8856872  0.81048065 0.5954684  0.82128686
 0.7911805  0.374405   0.72528595]",processed
"[0.1587471  0.54736656 0.6933445  0.14402844 0.5616045  0.6460588
 0.14565645 0.5298425  0.7419423  0.16077483 0.5841881  0.8836511
 0.16559653 0.50895494 0.9024901  0.23744671 0.6388497  0.69416976
 0.24008909 0.45861822 0.87938744 0.30895182 0.64942425 0.2892841
 0.28206965 0.34630156 0.81681067 0.2783477  0.56555784 0.27335218
 0.18380666 0.31667078 0.8571682  0.41752514 0.57902735 0.88265836
 0.41397545 0.4776015  0.7128385  0.59712327 0.6014004  0.90247977
 0.5798396  0.40601823 0.84717476 0.8099503  0.6003803  0.8500081
 0.7888056  0.37004107 0.7681495 ]",processed
"[0.0785137  0.47896153 0.6027048  0.05180753 0.5138873  0.6605747
 0.05321452 0.44872418 0.72020566 0.06516585 0.5676262  0.7622325
 0.06702845 0.4033862  0.8080399  0.19757338 0.6782847  0.6427719
 0.19972101 0.3183259  0.6171313  0.34516096 0.74242544 0.8094296
 0.3512727  0.25112528 0.7557079  0.4912861  0.7836563  0.6644525
 0.48971966 0.20527473 0.62231255 0.47134897 0.60188365 0.52691364
 0.47086245 0.36543992 0.69440705 0.71169394 0.6143144  0.6251923
 0.7162247  0.32819226 0.6552219  0.9246699  0.6135002  0.6778885
 0.9239548  0.27358085 0.72029245]",processed
"[0.09366207 0.49836183 0.40091488 0.06904916 0.5281741  0.68161654
 0.07241179 0.472011   0.58153    0.08164179 0.5750293  0.5584468
 0.08377083 0.4343719  0.73058915 0.20405632 0.6876025  0.6956871
 0.20815775 0.3428936  0.8011467  0.34480038 0.746318   0.7944773
 0.3473065  0.29190195 0.7210332  0.4841089  0.78464395 0.6288799
 0.48159894 0.24225378 0.60507214 0.4643354  0.6135192  0.4986875
 0.4626142  0.39588943 0.6837708  0.6862531  0.6249789  0.5572545
 0.6836166  0.35663223 0.5960547  0.8824257  0.62798035 0.61975443
 0.88363177 0.31624532 0.5746829 ]",processed
"[0.09225061 0.5015755  0.4302887  0.0670086  0.5313892  0.6426649
 0.06968807 0.4733021  0.6580528  0.07987937 0.58049065 0.6888373
 0.08263402 0.4339411  0.74435234 0.20666952 0.6898025  0.62549484
 0.20956407 0.34618616 0.81034666 0.34398153 0.7455151  0.8008782
 0.34740722 0.29350343 0.744288   0.48221162 0.7847354  0.67904645
 0.47826687 0.24285598 0.70540184 0.47123474 0.616652   0.4644641
 0.46899807 0.3972287  0.65166366 0.68850875 0.6258131  0.4913408
 0.6849348  0.35745317 0.48570284 0.8827959  0.62799144 0.6553757
 0.88622177 0.31010795 0.6110642 ]",processed
"[0.12827666 0.5100133  0.6943393  0.11514344 0.51809245 0.72157264
 0.10832147 0.49320322 0.6206294  0.12383283 0.5017098  0.47802022
 0.10996038 0.4408711  0.7022478  0.22105326 0.5193192  0.83654034
 0.20258479 0.38136303 0.7927697  0.32086292 0.6295377  0.74776816
 0.3353016  0.46796212 0.72183377 0.33453572 0.6071037  0.39456007
 0.35141146 0.5676267  0.5077535  0.4699462  0.53784317 0.88738775
 0.47016296 0.44445804 0.84839845 0.66404825 0.5588889  0.7748609
 0.668673   0.4449202  0.6675574  0.8205744  0.3571841  0.6800973
 0.86088204 0.4606816  0.586449  ]",processed
"[0.13361837 0.5110607  0.80477977 0.1203202  0.51898956 0.72549635
 0.11238881 0.492205   0.8059348  0.12914556 0.50025547 0.57725215
 0.11526754 0.43653327 0.6562537  0.23391463 0.5201667  0.81240505
 0.21110365 0.37513748 0.92220306 0.3310274  0.6234566  0.42327163
 0.34969315 0.47376597 0.7705222  0.35262114 0.616985   0.3148487
 0.3645867  0.58233005 0.5615848  0.48362452 0.5422812  0.8207755
 0.48038247 0.4444204  0.75547177 0.69084615 0.5581384  0.798973
 0.69977164 0.44465515 0.661094   0.8644201  0.3463011  0.5400915
 0.9049492  0.45773512 0.53052056]",processed
"[0.09398499 0.509832   0.07534973 0.07404634 0.47876242 0.11745486
 0.0721983  0.53702897 0.11333378 0.09116958 0.45049003 0.52157605
 0.08814331 0.5643495  0.63311803 0.2050672  0.37791428 0.6779985
 0.19758008 0.6489764  0.794707   0.32843906 0.33604264 0.42054442
 0.32863143 0.6979403  0.7080433  0.43119612 0.3534755  0.7210359
 0.42719427 0.70279074 0.5784415  0.4337173  0.43855593 0.64341635
 0.4308282  0.5996742  0.82295114 0.6369257  0.44430867 0.5447467
 0.6349814  0.6079985  0.71903807 0.8274029  0.46048427 0.73755777
 0.82768387 0.6050744  0.5227823 ]",processed
"[0.12728548 0.51258963 0.5805185  0.11473331 0.521227   0.7428375
 0.10619442 0.49409077 0.55741155 0.12551418 0.50391877 0.3769304
 0.11202291 0.4379931  0.5698382  0.2262207  0.50844723 0.6682951
 0.20825803 0.38502803 0.8344947  0.30894127 0.6210729  0.42943197
 0.3345218  0.4727933  0.68671465 0.33706743 0.6099519  0.39007115
 0.3489906  0.57586074 0.50555956 0.46362865 0.5410152  0.8472893
 0.46388176 0.45275518 0.65450466 0.66244566 0.5564012  0.6451977
 0.6692951  0.4530699  0.7612515  0.82331437 0.37275738 0.62953424
 0.86773837 0.46044272 0.56882405]",processed
"[0.12997487 0.5109358  0.70182216 0.11518823 0.5196347  0.7506359
 0.10894755 0.4922093  0.68831563 0.12391496 0.49937877 0.5229604
 0.11399897 0.4371188  0.5772811  0.22329268 0.5081372  0.72810143
 0.20524938 0.38291287 0.8058821  0.31114206 0.6217233  0.43630284
 0.33374122 0.46781716 0.5270893  0.33648667 0.60715044 0.46621567
 0.3521458  0.5641867  0.58320147 0.46824285 0.53900594 0.7702895
 0.46532828 0.45136055 0.71343845 0.6638475  0.55105114 0.74561834
 0.6702331  0.44724157 0.724795   0.81707895 0.37160382 0.65975094
 0.86277765 0.45811826 0.4347183 ]",processed
"[0.06604856 0.6612431  0.64041466 0.05578265 0.67655164 0.7715105
 0.05197132 0.649555   0.68661195 0.07696798 0.6925556  0.59276617
 0.07244009 0.6335462  0.6486059  0.15867594 0.7178887  0.79289824
 0.1569686  0.6045123  0.85747045 0.13833432 0.79257303 0.76676404
 0.12782343 0.5148493  0.88525003 0.0594334  0.7277317  0.5835334
 0.05686624 0.58483166 0.7043391  0.46143353 0.6743108  0.78079766
 0.44312876 0.5997881  0.94602436 0.71846515 0.6530381  0.7708009
 0.5802935  0.4896312  0.90706956 0.94282454 0.6247713  0.7945455
 0.7751551  0.41202506 0.92940843]",processed
"[0.07958247 0.654995   0.6001702  0.06821363 0.67259634 0.72679436
 0.06748305 0.6419231  0.72483855 0.0867613  0.69310105 0.83645666
 0.08258002 0.6260978  0.7596549  0.17028621 0.71510434 0.6241148
 0.17465562 0.6012513  0.9309737  0.1722496  0.7749815  0.73898625
 0.15115166 0.5232564  0.82176495 0.08765197 0.7206017  0.78317755
 0.08261941 0.58536804 0.68967474 0.46539804 0.66543746 0.8754087
 0.45177773 0.59300524 0.92483723 0.7050064  0.6477456  0.75846696
 0.5763917  0.49429336 0.8274947  0.920736   0.6202801  0.91335374
 0.76491237 0.42052442 0.9217517 ]",processed
"[0.08558263 0.65975475 0.62182826 0.07429182 0.6735207  0.7484365
 0.07418581 0.6472015  0.67230237 0.09432846 0.6898089  0.70744103
 0.09084737 0.6299329  0.6965907  0.17529476 0.7127256  0.6908068
 0.17661782 0.59948605 0.9155373  0.16353883 0.77371925 0.6874937
 0.14607103 0.5227049  0.91348475 0.08131803 0.713425   0.44502687
 0.07411323 0.59127283 0.55620635 0.45917064 0.66891736 0.91502184
 0.44478124 0.5958779  0.93953955 0.7080613  0.6453289  0.8595683
 0.57441086 0.49474823 0.8351094  0.9173448  0.6212021  0.9218716
 0.75976706 0.42203712 0.91723573]",processed
"[0.03485731 0.63018876 0.64002186 0.02283263 0.6502662  0.7405299
 0.02100243 0.616077   0.74566144 0.04806369 0.67354685 0.6849774
 0.04336506 0.59647495 0.66011024 0.13453944 0.70383096 0.5885213
 0.13544211 0.5807524  0.898342   0.12668362 0.766253   0.7799403
 0.10901883 0.49543777 0.90601337 0.04143851 0.70984435 0.72744125
 0.03888919 0.5617265  0.7837457  0.44005984 0.6512645  0.8559418
 0.42180303 0.57814556 0.9263848  0.70069844 0.6296117  0.8613469
 0.56476873 0.47005233 0.9106541  0.9254582  0.60643107 0.9061798
 0.76043993 0.39167172 0.94726527]",processed
"[0.10413788 0.5015923  0.50320053 0.09277361 0.526115   0.63386667
 0.08582003 0.47931695 0.8997606  0.11724161 0.5488194  0.8389644
 0.10433451 0.44563788 0.85505867 0.20790522 0.6120613  0.912158
 0.22639056 0.36294797 0.94101334 0.36051515 0.64626545 0.9317406
 0.35888925 0.34739757 0.82186836 0.4902946  0.6262655  0.82754266
 0.44010797 0.3144278  0.80461895 0.4620795  0.5449156  0.8969783
 0.45939246 0.39610803 0.88573533 0.6792257  0.61895424 0.67966294
 0.68497795 0.3664387  0.8538995  0.90066534 0.6150714  0.61156946
 0.8856598  0.3951788  0.7011389 ]",processed
"[0.04882643 0.4792943  0.78529024 0.03441367 0.5084133  0.8877385
 0.02646424 0.45733577 0.8204855  0.05897242 0.5321452  0.75815004
 0.04433046 0.41832736 0.7343696  0.16035548 0.60055256 0.8489283
 0.18068178 0.330923   0.764469   0.31970838 0.6350698  0.94097626
 0.32146868 0.3136302  0.92712796 0.45561868 0.6124534  0.8308074
 0.40204296 0.2726553  0.6465184  0.42422915 0.5307646  0.87648314
 0.417909   0.37436882 0.8438146  0.6664374  0.6076936  0.70671535
 0.66671413 0.33511433 0.76791424 0.9031123  0.60937417 0.680705
 0.88192606 0.36344245 0.69487184]",processed
"[0.13661659 0.55280215 0.45929557 0.11531733 0.5313271  0.3606903
 0.11824083 0.5573108  0.5043219  0.12564535 0.47465327 0.5427903
 0.12877288 0.54848254 0.5729825  0.22747724 0.41488904 0.8445862
 0.23117775 0.58110714 0.7921331  0.38533828 0.38887927 0.5499585
 0.37956816 0.59700394 0.72406787 0.4948341  0.40132874 0.43441415
 0.5203864  0.63421494 0.48831972 0.46743256 0.44991916 0.6292428
 0.47079825 0.5533427  0.68256086 0.6835515  0.45176113 0.7469231
 0.6783245  0.5718144  0.81506884 0.89535594 0.48195595 0.79439354
 0.890306   0.5614051  0.7465984 ]",processed
"[0.13422646 0.54863065 0.18012626 0.1159031  0.51555336 0.15849335
 0.11862575 0.5537852  0.22362553 0.12672815 0.46664566 0.5106539
 0.13270064 0.54642725 0.5006226  0.22774823 0.41684037 0.7748546
 0.23037013 0.57630575 0.6804821  0.3599884  0.3908986  0.43812656
 0.3829384  0.596817   0.60903037 0.47888327 0.39522538 0.2968958
 0.5168845  0.630365   0.43574038 0.46462455 0.45946196 0.687066
 0.4695405  0.55656    0.4866505  0.6846424  0.4501839  0.6348931
 0.6798839  0.5732852  0.7923892  0.88958895 0.48351735 0.5570493
 0.88645405 0.56196284 0.65628624]",processed
"[0.13765304 0.4587565  0.0818262  0.12415913 0.42171726 0.13880141
 0.12050463 0.48213103 0.15866846 0.14163692 0.39650074 0.54411936
 0.14094467 0.50243646 0.5305077  0.24918583 0.31791207 0.77694935
 0.2445742  0.5946563  0.7656718  0.38741097 0.2707334  0.3695229
 0.38546306 0.635341   0.70983475 0.48667994 0.29811817 0.5980924
 0.48095313 0.63474673 0.6164852  0.48991755 0.3857233  0.6554
 0.48741204 0.54468143 0.709934   0.68630445 0.38524488 0.67592245
 0.6775261  0.5472608  0.6353665  0.87227356 0.39938867 0.6440315
 0.8808719  0.5407148  0.5705293 ]",processed
"[0.12466033 0.5371324  0.5092212  0.10004291 0.5180093  0.42660922
 0.10413006 0.5410688  0.58739316 0.10627118 0.45606223 0.42236236
 0.11233343 0.5292813  0.49843273 0.22029805 0.38065508 0.7892198
 0.22223724 0.57319593 0.7850721  0.39785227 0.35756975 0.67958784
 0.39068136 0.5811694  0.79265    0.52121323 0.37455773 0.42402637
 0.53653896 0.6201746  0.6967932  0.47730088 0.42895874 0.65775484
 0.47611478 0.5381923  0.84778655 0.7185646  0.4232224  0.7867528
 0.71135587 0.5526343  0.81270945 0.94147736 0.45497727 0.7620133
 0.94676685 0.5424159  0.86262393]",processed
"[0.12131692 0.54666734 0.28133556 0.10345778 0.51592845 0.16545615
 0.10551181 0.54534537 0.27037612 0.11229308 0.449023   0.5533543
 0.11633891 0.52693224 0.3727934  0.22029144 0.3941099  0.68854725
 0.21870445 0.5661064  0.70714927 0.36992916 0.3711153  0.53169805
 0.3788663  0.58341974 0.61469066 0.49041933 0.37920332 0.3749514
 0.51624244 0.6182245  0.46434546 0.4653016  0.43803713 0.665028
 0.4651609  0.5433214  0.730795   0.69417685 0.42769915 0.74711293
 0.6878425  0.55921155 0.6704988  0.91320914 0.4656485  0.67426497
 0.90862274 0.5488354  0.7848113 ]",processed
"[0.08749166 0.5055859  0.7084893  0.06443266 0.5285986  0.587068
 0.07087871 0.4794844  0.8164987  0.07389258 0.57295567 0.7222136
 0.0867285  0.45016167 0.71281177 0.21664852 0.6708616  0.8091741
 0.2286147  0.38668442 0.7634376  0.3522948  0.72344524 0.80111134
 0.369603   0.33597592 0.889413   0.46072215 0.6722336  0.6591159
 0.4811778  0.38683748 0.47352806 0.5169018  0.60816383 0.8015668
 0.51996344 0.44458634 0.5918527  0.72062033 0.6458967  0.8390434
 0.7238508  0.42213312 0.7941559  0.9185234  0.66798    0.6538179
 0.9143506  0.39186588 0.61835855]",processed
"[0.12365057 0.4820108  0.5296543  0.10181761 0.5008701  0.6574228
 0.10920571 0.45705464 0.4279172  0.11466089 0.541111   0.730756
 0.12869185 0.43113694 0.65819854 0.23900147 0.6302303  0.60307616
 0.25422367 0.372556   0.6658813  0.3636181  0.6790554  0.7404791
 0.38384378 0.3254732  0.785701   0.46072412 0.6400276  0.6051706
 0.483575   0.36905384 0.45413277 0.5084249  0.57695705 0.671513
 0.51334214 0.42816314 0.74961364 0.6993536  0.6074329  0.69888145
 0.7036822  0.40524918 0.7920378  0.88170314 0.6267672  0.6719909
 0.8798633  0.37508115 0.73648447]",processed
"[0.1253153  0.47775713 0.71729916 0.10175941 0.49999225 0.75598353
 0.10895941 0.45354724 0.4700299  0.11381736 0.5443952  0.74623555
 0.12986036 0.43178162 0.8167687  0.23140377 0.64175296 0.9330797
 0.24295571 0.36236972 0.7258454  0.3677478  0.68141085 0.8724555
 0.38239387 0.3217408  0.9225784  0.4715794  0.63228464 0.73096114
 0.48441118 0.36873072 0.7626418  0.50606024 0.5733926  0.9082636
 0.506355   0.4262178  0.87487966 0.7031191  0.6080021  0.8653341
 0.70385325 0.40382364 0.9359733  0.8794791  0.62633    0.76121664
 0.8783332  0.3764635  0.8416171 ]",processed
"[0.05086022 0.5078661  0.8414668  0.02453865 0.5332729  0.8378999
 0.03190724 0.48033565 0.8004864  0.03448297 0.5797524  0.85975987
 0.05067487 0.45326868 0.67534506 0.17205505 0.68514943 0.9158779
 0.18230411 0.38049072 0.7794082  0.31802    0.7307765  0.8009587
 0.33179185 0.33465412 0.94218564 0.42808378 0.6742365  0.70765066
 0.445549   0.39089924 0.7192827  0.47488156 0.6082752  0.8960801
 0.47838825 0.44946823 0.7974541  0.6904068  0.65106124 0.84614575
 0.6903919  0.42593727 0.5918301  0.88259476 0.67219543 0.7541749
 0.88473505 0.39398712 0.8825163 ]",processed
"[0.08759934 0.43523145 0.6802641  0.06579869 0.45869997 0.76945597
 0.06649623 0.40755937 0.62953    0.07324545 0.49478737 0.78388995
 0.07326582 0.36784604 0.85244614 0.21764755 0.5518835  0.7900949
 0.20586999 0.28306273 0.75671387 0.3662134  0.59596926 0.729351
 0.3345974  0.20932987 0.79434705 0.503564   0.5959831  0.60275596
 0.44324598 0.2536463  0.67129046 0.48764    0.49444574 0.63417333
 0.49529216 0.3308605  0.651504   0.71418655 0.4931863  0.8285921
 0.7256208  0.32952723 0.7051228  0.90159976 0.4685427  0.6643813
 0.8731093  0.39416128 0.71968454]",processed
"[0.12322149 0.45650107 0.4924201  0.10421813 0.47962064 0.7177884
 0.10421982 0.43288374 0.7516568  0.11132817 0.509445   0.65675646
 0.1105096  0.39450997 0.58432025 0.24399686 0.56408495 0.7912868
 0.2299887  0.3192671  0.85841066 0.38449973 0.6029409  0.703836
 0.35355642 0.24686152 0.86954314 0.5058825  0.60287464 0.74517965
 0.45075202 0.2898061  0.555498   0.49803692 0.51101595 0.77627236
 0.5053888  0.36499867 0.7911814  0.70861    0.5118996  0.75166315
 0.70993    0.3588485  0.66469175 0.87373173 0.4875208  0.5684712
 0.84897894 0.41900834 0.79656535]",processed
"[0.09677771 0.51139826 0.5715782  0.07172179 0.5413413  0.91612566
 0.07379272 0.48482484 0.76189333 0.09089939 0.5828598  0.7750126
 0.09003621 0.44281444 0.87973887 0.2104174  0.66250443 0.9612059
 0.21974361 0.36820468 0.8781798  0.36560392 0.7064787  0.8181484
 0.38684484 0.32938156 0.9151058  0.50973356 0.71244895 0.94589376
 0.5123759  0.35405138 0.90638846 0.5024526  0.60735977 0.8836196
 0.5053715  0.4410913  0.86750036 0.68016976 0.61236346 0.88592434
 0.6743994  0.4315334  0.82631975 0.8488158  0.6095311  0.895611
 0.8440871  0.43167332 0.94645685]",processed
"[0.12328348 0.50275004 0.601365   0.10044796 0.5279051  0.84127676
 0.10150447 0.47714144 0.9164934  0.1139553  0.5678446  0.92333657
 0.11715427 0.4394688  0.8165669  0.226662   0.6445927  0.9044964
 0.23572145 0.37370333 0.901512   0.3688493  0.6837301  0.7632523
 0.38600382 0.33532128 0.91864884 0.49874455 0.6863066  0.88064986
 0.5012895  0.3612198  0.83901614 0.49552375 0.5881031  0.8604462
 0.5007694  0.43993223 0.8544403  0.66163605 0.5936438  0.8803035
 0.6547473  0.43146533 0.7673561  0.80433536 0.5961133  0.9249028
 0.8040328  0.4299288  0.85569435]",processed
"[0.11308754 0.510172   0.85661274 0.09595007 0.53274065 0.780076
 0.09847668 0.48791724 0.7749058  0.11419155 0.56657326 0.8232792
 0.1178579  0.46328962 0.8604655  0.20972025 0.6387015  0.9343758
 0.21630386 0.38319248 0.88829565 0.3498794  0.6558099  0.74391496
 0.35422665 0.3602743  0.84997445 0.46109185 0.67270684 0.8293036
 0.47365353 0.34400204 0.78847355 0.47836065 0.5750851  0.8904444
 0.4816206  0.43720818 0.84652287 0.6611468  0.56928164 0.6924647
 0.65493965 0.44591877 0.9045787  0.8674464  0.5533616  0.906407
 0.86579776 0.45789656 0.9009884 ]",processed
"[0.22453976 0.51462215 0.7150183  0.19295046 0.52947724 0.66911596
 0.20567717 0.5016782  0.75400364 0.17081882 0.5858858  0.7279936
 0.19837494 0.51649266 0.56341225 0.25716397 0.69846046 0.90399957
 0.25930947 0.506035   0.8222906  0.40226832 0.7362114  0.7593187
 0.25816324 0.35578445 0.91540927 0.5251591  0.67793816 0.79335624
 0.16246498 0.45483258 0.68066645 0.5518192  0.6262214  0.86640024
 0.54562485 0.51228714 0.92111343 0.7253076  0.6584801  0.88215494
 0.7027625  0.49042737 0.8782825  0.90260965 0.705456   0.6212834
 0.8470848  0.5911283  0.64492625]",processed
"[0.22517167 0.51412064 0.73591155 0.19422612 0.5292053  0.6765489
 0.20602672 0.5021307  0.775311   0.17231226 0.58689386 0.76317114
 0.1982294  0.51894325 0.6267104  0.25930238 0.7009431  0.9048017
 0.25988528 0.50432986 0.85127175 0.40516433 0.7373849  0.83318704
 0.25980517 0.35575634 0.9163126  0.53214765 0.678323   0.7762756
 0.16182221 0.45423695 0.71546966 0.5532705  0.6262307  0.85793895
 0.5467142  0.5128501  0.9257001  0.72703505 0.65797853 0.8715425
 0.7068668  0.48780766 0.9079599  0.90825856 0.70752114 0.78846663
 0.8577798  0.5910704  0.8777762 ]",processed
"[0.08562075 0.39032146 0.64077914 0.0734456  0.41114303 0.79929256
 0.07077311 0.37176505 0.74047    0.10085199 0.43494162 0.5534631
 0.09096538 0.33797544 0.7512324  0.21086372 0.50073034 0.84223527
 0.19965106 0.25317463 0.71932787 0.32958812 0.5285549  0.6129584
 0.32857278 0.21610838 0.73608965 0.44464925 0.53117925 0.7492114
 0.43629938 0.20984904 0.7780029  0.43967807 0.45390856 0.8306838
 0.4382718  0.32041854 0.6533082  0.6319392  0.43627617 0.5990341
 0.6385375  0.30322674 0.85295063 0.79620486 0.39898327 0.7256844
 0.82022583 0.28978115 0.8240521 ]",processed
"[0.08305694 0.39234087 0.71876377 0.07224531 0.4124975  0.8835636
 0.06984869 0.37115663 0.8165053  0.09959835 0.43734547 0.6978113
 0.09360693 0.33665362 0.69923824 0.21164683 0.5016907  0.88913244
 0.1956276  0.25102732 0.71235955 0.33397913 0.52666974 0.61639225
 0.33130828 0.21928668 0.779338   0.44136417 0.53156817 0.7952309
 0.4398929  0.21337691 0.6306136  0.43521255 0.45299962 0.79772574
 0.43747908 0.3185131  0.80727917 0.6281699  0.4378283  0.7552536
 0.6359167  0.30303726 0.8384048  0.7949335  0.401125   0.75443727
 0.8288117  0.287721   0.7999521 ]",processed
"[0.05651524 0.38582462 0.7384057  0.04392553 0.40630043 0.55018187
 0.04100008 0.36341783 0.6478265  0.0666004  0.4311724  0.72110575
 0.05907322 0.32285237 0.7583446  0.18952683 0.49741605 0.7283159
 0.17918338 0.23840176 0.89281976 0.31930414 0.5239497  0.58165026
 0.32155812 0.1950788  0.71109897 0.4375016  0.53061634 0.6824911
 0.4358567  0.19219388 0.751339   0.42915332 0.44571605 0.86320823
 0.4287976  0.3080513  0.7109681  0.637774   0.42648208 0.8069846
 0.63753474 0.2874021  0.85844684 0.8111435  0.39021608 0.8229623
 0.8371588  0.27762097 0.7140566 ]",processed
"[0.06587641 0.4129183  0.82354325 0.05426846 0.43502027 0.6134916
 0.05145003 0.39007846 0.5853055  0.07734736 0.46106812 0.7592207
 0.07179372 0.35139206 0.8682243  0.20330216 0.52857804 0.8896735
 0.18233554 0.26497215 0.69663966 0.33295545 0.55926645 0.7711775
 0.32864863 0.22710481 0.8262593  0.45467377 0.56478786 0.82192934
 0.44833094 0.22053139 0.73283225 0.42958695 0.47703606 0.8744748
 0.4305038  0.33641884 0.7364041  0.64981055 0.46029896 0.7302906
 0.6566     0.31460062 0.86819655 0.82499635 0.42055273 0.8357261
 0.8610296  0.30114323 0.75835407]",processed
"[0.28553966 0.5038293  0.5520735  0.26441243 0.5248518  0.398945
 0.26300806 0.4848191  0.31501946 0.26062244 0.5535426  0.673385
 0.25441375 0.44231188 0.71742314 0.34924287 0.6154332  0.7100971
 0.34636584 0.370603   0.6587138  0.44750482 0.64888996 0.6287822
 0.4384173  0.3330322  0.6666768  0.5366153  0.6511652  0.6497323
 0.5252478  0.3264073  0.55867374 0.5405611  0.5589915  0.815107
 0.53938675 0.4196049  0.6623744  0.70919394 0.6009485  0.8694509
 0.7049379  0.3694637  0.81175613 0.83566785 0.56716275 0.7085105
 0.8280084  0.36108857 0.816341  ]",processed
"[0.27779418 0.5060482  0.5589615  0.25969747 0.53028995 0.36091876
 0.25768566 0.48828828 0.4256142  0.25679198 0.55455196 0.77903545
 0.25116384 0.44431052 0.69659305 0.34869033 0.61757344 0.71794504
 0.34459406 0.36882496 0.70397407 0.449362   0.6497866  0.6426419
 0.4374768  0.3323557  0.67936707 0.5367303  0.65072167 0.697061
 0.52716935 0.32589856 0.6152456  0.5360697  0.55902636 0.84031934
 0.53539646 0.41869763 0.68276465 0.70770866 0.60189456 0.88985556
 0.70162505 0.36864534 0.84731704 0.83549225 0.56805176 0.74081993
 0.82673186 0.3591564  0.8167908 ]",processed
"[0.26272434 0.42605406 0.44759497 0.24072091 0.4440229  0.6548606
 0.24017586 0.40277767 0.5356499  0.23518465 0.46161243 0.37972888
 0.23689418 0.34567106 0.58373386 0.33735898 0.5215569  0.820331
 0.32838327 0.2834672  0.6386489  0.4568418  0.570196   0.5786447
 0.45471442 0.2545054  0.45426485 0.5271958  0.5931181  0.56195194
 0.5335038  0.2658511  0.5972284  0.53698903 0.5071817  0.72953284
 0.53786397 0.36564907 0.6812103  0.68242824 0.5870895  0.5429914
 0.68683314 0.37163332 0.6674228  0.82145256 0.5870649  0.6826776
 0.83359295 0.37895533 0.7277661 ]",processed
"[0.25122213 0.42715043 0.4025207  0.22792938 0.44577459 0.6519553
 0.22692765 0.3999662  0.58921903 0.2333429  0.4694118  0.41708377
 0.23223127 0.34518617 0.40364227 0.34013942 0.5188966  0.8042533
 0.33835495 0.28634804 0.7172524  0.46205768 0.5729092  0.44530454
 0.4903918  0.25399274 0.54671633 0.531196   0.58127064 0.5054329
 0.57521343 0.28914538 0.30068576 0.5395805  0.5054918  0.6964768
 0.5442584  0.36635748 0.55041033 0.67580736 0.5820577  0.57576287
 0.67929584 0.3704321  0.4701755  0.8263947  0.5874014  0.6639921
 0.8368382  0.37859055 0.6733258 ]",processed
"[0.11030015 0.52373725 0.83605546 0.09558808 0.54407    0.653456
 0.09876587 0.502191   0.71692693 0.1129565  0.5746916  0.73699325
 0.11884307 0.4808212  0.81593674 0.20033741 0.6408511  0.84882003
 0.20220792 0.40806404 0.6269498  0.33280528 0.6562017  0.8491904
 0.33578068 0.38496628 0.8946737  0.43615425 0.67147595 0.8032239
 0.44267452 0.36901808 0.68690723 0.46944848 0.57900625 0.8422599
 0.46891016 0.45675433 0.84151524 0.6183037  0.58177173 0.85031575
 0.6126977  0.46483874 0.6408008  0.79931974 0.5632793  0.8827434
 0.805895   0.47712898 0.9320429 ]",processed
"[0.22559859 0.459919   0.50280935 0.19775835 0.4737178  0.5825189
 0.2011572  0.43584827 0.48520324 0.19438572 0.48100725 0.49444056
 0.19569828 0.3646595  0.7468862  0.30211675 0.5498098  0.61145747
 0.2949251  0.29391634 0.6836489  0.41700616 0.5948055  0.5338826
 0.4341536  0.26404783 0.42833838 0.49371898 0.62293667 0.5777208
 0.5148929  0.27171132 0.7256172  0.5193681  0.53508145 0.7896903
 0.52075547 0.38343054 0.76311576 0.67493975 0.6176697  0.7316899
 0.6765087  0.38485926 0.60324466 0.8258893  0.61707246 0.7484286
 0.8418899  0.39681327 0.7360676 ]",processed
"[0.21612303 0.38326648 0.4042414  0.19311702 0.40160382 0.63088745
 0.19351931 0.35228702 0.59023434 0.20111659 0.422157   0.31940794
 0.198918   0.28861907 0.7011906  0.31769267 0.46993393 0.74746203
 0.31664732 0.21475717 0.6593471  0.43832064 0.52636856 0.3080032
 0.482234   0.18385398 0.5518055  0.5139628  0.5480925  0.6492388
 0.5807171  0.21100277 0.36736166 0.53922313 0.46550798 0.72471553
 0.543571   0.3019228  0.55185944 0.69512177 0.54328406 0.6629523
 0.6982401  0.30431345 0.6041053  0.8656073  0.5485866  0.6575281
 0.87204224 0.32273462 0.76645225]",processed
"[0.24631155 0.52461666 0.4641581  0.22359021 0.552543   0.5551805
 0.22282058 0.50400233 0.40202227 0.22695637 0.5800725  0.7362698
 0.2240664  0.4541015  0.6932242  0.33106494 0.6457549  0.77184534
 0.32228693 0.3805088  0.66739225 0.44732457 0.6803579  0.6127939
 0.44376326 0.31264505 0.6046499  0.52832466 0.6725779  0.62061656
 0.51475114 0.30618247 0.6866523  0.5523193  0.58029574 0.7508495
 0.5537248  0.4263802  0.7211556  0.7218426  0.60044783 0.7554295
 0.7078338  0.40833405 0.7206026  0.8633535  0.58554983 0.7317303
 0.8505487  0.38499948 0.612493  ]",processed
"[0.1994923  0.50654286 0.5536029  0.17782438 0.5390604  0.6352096
 0.17618793 0.48662415 0.41901225 0.19036666 0.5716736  0.72425544
 0.18498561 0.43928078 0.68772745 0.3059846  0.6381701  0.88308233
 0.29638383 0.36344874 0.89845663 0.44733545 0.66964495 0.6624374
 0.42152148 0.28703505 0.5445834  0.51653075 0.666189   0.70874137
 0.49328172 0.28285238 0.7377143  0.54166436 0.57007354 0.73030233
 0.53660345 0.41023153 0.784225   0.71562755 0.5907423  0.81643635
 0.703885   0.39099368 0.73697805 0.8628591  0.57578355 0.6528394
 0.85209465 0.36346343 0.59879136]",processed
"[0.209867   0.54309803 0.6910188  0.17706215 0.58261734 0.77018523
 0.1813613  0.5082215  0.7949412  0.19175759 0.6465985  0.6930889
 0.20654383 0.46549213 0.4916632  0.31533095 0.73774713 0.7222664
 0.32266617 0.38501978 0.7176715  0.4334225  0.75211483 0.4006695
 0.45456147 0.3845353  0.42611158 0.52692604 0.68072176 0.26605377
 0.51597464 0.47588065 0.3545082  0.5787046  0.6344717  0.67221475
 0.58743864 0.45846233 0.79823154 0.71570337 0.64169997 0.77530634
 0.7120464  0.4359489  0.8039966  0.81815153 0.60659385 0.85805804
 0.8253704  0.43036434 0.68293995]",processed
"[0.22360456 0.52057403 0.5932151  0.18214792 0.5611611  0.58191377
 0.18608384 0.48847494 0.52619845 0.17922704 0.6259037  0.83975345
 0.19633162 0.4382287  0.7446173  0.31428474 0.73715264 0.83273107
 0.31791508 0.34905732 0.6499478  0.44549277 0.7450364  0.5410214
 0.47229522 0.3543025  0.4879452  0.5675361  0.66099447 0.3169143
 0.5333747  0.44558582 0.42169055 0.5799398  0.6233513  0.7548587
 0.580571   0.43109286 0.7203442  0.73625636 0.62077844 0.7407285
 0.7218554  0.4094539  0.91689223 0.8438897  0.5907853  0.83982563
 0.84775025 0.4002633  0.84098995]",processed
"[0.14469913 0.60583687 0.4815929  0.10577729 0.64631015 0.6608155
 0.11537278 0.5720174  0.6224863  0.10262582 0.7144181  0.82774544
 0.11903561 0.5307321  0.6351096  0.26262805 0.8068109  0.62932605
 0.26592636 0.45111993 0.7736736  0.44078037 0.8342096  0.61254436
 0.40296805 0.4314011  0.719238   0.55669016 0.8087217  0.4185212
 0.51686424 0.43275976 0.6824967  0.5553092  0.7072075  0.76280135
 0.55352217 0.5351187  0.801094   0.6867868  0.72532415 0.7599863
 0.67097217 0.54117733 0.55781573 0.7908721  0.6995305  0.76769817
 0.7664374  0.56655854 0.85133564]",processed
"[0.03552748 0.5635552  0.4226127  0.01239443 0.6166207  0.54427606
 0.01083104 0.5276321  0.556099   0.03169856 0.71266335 0.6766397
 0.0280071  0.503896   0.5026553  0.20459124 0.8228809  0.6997361
 0.20285474 0.41409516 0.8149801  0.40528473 0.852955   0.5742147
 0.35184467 0.39622363 0.8341953  0.52294385 0.8254086  0.63177335
 0.48452848 0.39274552 0.766798   0.5198223  0.71382487 0.8993455
 0.5142278  0.50965255 0.7863772  0.6670561  0.7315843  0.86100864
 0.65377593 0.5199539  0.88924664 0.7790452  0.6981725  0.8943423
 0.7604013  0.5532466  0.8905497 ]",processed
"[0.13194922 0.5165268  0.4133918  0.09811914 0.54988843 0.44975677
 0.10427977 0.4930239  0.6351649  0.09564338 0.61858    0.7526176
 0.11008238 0.4835351  0.49848682 0.21362525 0.73918444 0.88059825
 0.23742166 0.41979083 0.8774812  0.3743797  0.7566633  0.5671636
 0.35985935 0.387654   0.832627   0.47415605 0.7384768  0.76109254
 0.4513277  0.3543578  0.7354333  0.51021844 0.61558396 0.8987877
 0.49168232 0.44569364 0.80399853 0.71637297 0.6130201  0.816092
 0.68722683 0.43960348 0.8212251  0.85054266 0.5909868  0.7691987
 0.82262164 0.46713623 0.89953035]",processed
"[0.15722546 0.53267515 0.5296148  0.12876576 0.55914193 0.36919406
 0.13508242 0.5182264  0.5922042  0.12118658 0.63419116 0.6088389
 0.13037667 0.5319239  0.53221625 0.22915533 0.7511446  0.903196
 0.24416497 0.46195757 0.6632081  0.3810598  0.7628835  0.66703445
 0.3607693  0.42919558 0.61832285 0.4700199  0.746635   0.6020089
 0.44020027 0.40116152 0.6093986  0.5076513  0.6364762  0.8906259
 0.4913779  0.48351753 0.86223966 0.69143313 0.6317155  0.8265184
 0.6664957  0.48368523 0.65666753 0.80768436 0.61272454 0.83798623
 0.7823813  0.50299025 0.72341365]",processed
