[
    {
        "label": "Kacang Hijau",
        "Calories": 117.0,
        "Fat": 0.58,
        "Carbs": 20.97,
        "Protein": 7.86,
        "type": 1,
        "label_link": "https://https://github.com/FitNest-AI/Machine-Learning/blob/main/Datasets/Tracker/images/kacang%20hijau.jpg"
    },
    {
        "label": "Jagung",
        "Calories": 132.0,
        "Fat": 1.82,
        "Carbs": 29.29,
        "Protein": 4.96,
        "type": 1,
        "label_link": "https://https://github.com/FitNest-AI/Machine-Learning/blob/main/Datasets/Tracker/images/jagung.jpg"
    },
    {
        "label": "Mangga",
        "Calories": 107.0,
        "Fat": 0.45,
        "Carbs": 28.05,
        "Protein": 0.84,
        "type": 1,
        "label_link": "https://https://github.com/FitNest-AI/Machine-Learning/blob/main/Datasets/Tracker/images/mangga.jpg"
    }
]